Post ID,Title,Link,Libsyn Iframe
1397,"","https://staging17.podcast.susanmcvea.com/?p=1397","N/A"
1380,"Episode 161 - How to Make More Money Efficiently With Your Customer Service","https://staging17.podcast.susanmcvea.com/s1ep161/","<iframe title=""Embed Player"" src=""https://play.libsyn.com/embed/episode/id/25319676/height/192/theme/modern/size/large/thumbnail/yes/custom-color/0a1e39/time-start/00:00:00/playlist-height/200/direction/backward/download/yes"" height=""192"" width=""100%"" scrolling=""no"" allowfullscreen="""" webkitallowfullscreen=""true"" mozallowfullscreen=""true"" oallowfullscreen=""true"" msallowfullscreen=""true"" style=""border: none;""></iframe>"
1374,"Episode 160 - How to Get Paid More Today and Generate Consistent Income with the Sales Game","https://staging17.podcast.susanmcvea.com/s1ep160/","N/A"
1382,"Episode 161","","N/A"
1375,"Episode 160","","N/A"
1368,"Episode 159 - The Secret to Create More Opportunity to Make Money and Conquer Paying Customers","https://staging17.podcast.susanmcvea.com/s1ep159/","N/A"
1369,"Episode 159","","N/A"
1364,"Episode 158","","N/A"
1358,"Episode 158 -  How Empathy and Psychology Can Help You Master the Sales Game","https://staging17.podcast.susanmcvea.com/empathy-and-psychology/","<iframe title=""Embed Player"" src=""https://play.libsyn.com/embed/episode/id/24407115/height/192/theme/modern/size/large/thumbnail/yes/custom-color/0a1e39/time-start/00:00:00/playlist-height/200/direction/backward/download/yes"" width=""100%"" height=""192"" scrolling=""no"" allowfullscreen=""allowfullscreen""></iframe>"
1350,"Episode 157 -  All You Need to Know About Leads","https://staging17.podcast.susanmcvea.com/all-you-need-to-know-about-leads/","<iframe style=""border: none;"" title=""Libsyn Player"" src=""//html5-player.libsyn.com/embed/episode/id/24143277/height/90/theme/custom/thumbnail/yes/direction/backward/render-playlist/no/custom-color/0a1e39/"" width=""100%"" height=""90"" scrolling=""no"" allowfullscreen=""allowfullscreen""></iframe>"
1352,"TEMPLATE Podcast Episode Graphics 115 to -","","N/A"
1345,"Episode 156 - How to develop a Sales person Mindset","https://staging17.podcast.susanmcvea.com/sales-person-mindset/","<iframe style=""border: none;"" title=""Libsyn Player"" src=""//html5-player.libsyn.com/embed/episode/id/24021093/height/90/theme/custom/thumbnail/yes/direction/backward/render-playlist/no/custom-color/0a1e39/"" width=""100%"" height=""90"" scrolling=""no"" allowfullscreen=""allowfullscreen""></iframe>"
1347,"TEMPLATE Podcast Episode Graphics 115 to -(4)","","N/A"
1340,"Episode 155 - How Do the Rich Make Money?","https://staging17.podcast.susanmcvea.com/rich-make-money/","<iframe style=""border: none;"" title=""Libsyn Player"" src=""//html5-player.libsyn.com/embed/episode/id/23941578/height/90/theme/custom/thumbnail/yes/direction/backward/render-playlist/no/custom-color/0a1e39/"" width=""100%"" height=""90"" scrolling=""no"" allowfullscreen=""allowfullscreen""></iframe>"
1342,"TEMPLATE Podcast Episode Graphics 115 to -(2)","","N/A"
1339,"Episode 154 - The Most Important Things You Need to Know About Investing and Market Volatility","https://staging17.podcast.susanmcvea.com/?p=1339","<iframe style=""border: none;"" title=""Libsyn Player"" src=""//html5-player.libsyn.com/embed/episode/id/23810648/height/90/theme/custom/thumbnail/yes/direction/backward/render-playlist/no/custom-color/0a1e39/"" width=""100%"" height=""90"" scrolling=""no"" allowfullscreen=""allowfullscreen""></iframe>"
1333,"Episode 154 - The Most Important Things You Need to Know About Investing and Market Volatility","https://staging17.podcast.susanmcvea.com/investing-and-market-volatility/","<iframe style=""border: none;"" title=""Libsyn Player"" src=""//html5-player.libsyn.com/embed/episode/id/23810648/height/90/theme/custom/thumbnail/yes/direction/backward/render-playlist/no/custom-color/0a1e39/"" width=""100%"" height=""90"" scrolling=""no"" allowfullscreen=""allowfullscreen""></iframe>"
1334,"TEMPLATE Podcast Episode Graphics 115 to -(1)","","N/A"
1327,"Episode 153 - Key Strategies to get clients saying YES more frequently","https://staging17.podcast.susanmcvea.com/key-strategies-to-get-clients-saying-yes/","<iframe style=""border: none;"" title=""Libsyn Player"" src=""//html5-player.libsyn.com/embed/episode/id/23719112/height/90/theme/custom/thumbnail/yes/direction/backward/render-playlist/no/custom-color/0a1e39/"" width=""100%"" height=""90"" scrolling=""no"" allowfullscreen=""allowfullscreen""></iframe>"
1329,"TEMPLATE Podcast Episode Graphics 115 to -","","N/A"
1321,"Episode 152 - How to Be Authentic and Earn Money with Recurring Revenue","https://staging17.podcast.susanmcvea.com/how-to-be-authentic/","<iframe style=""border: none;"" title=""Libsyn Player"" src=""//html5-player.libsyn.com/embed/episode/id/23647829/height/90/theme/custom/thumbnail/yes/direction/backward/render-playlist/no/custom-color/0a1e39/"" width=""100%"" height=""90"" scrolling=""no"" allowfullscreen=""allowfullscreen""></iframe>"
1323,"TEMPLATE Podcast Episode Graphics 115 to -(1)","","N/A"
1315,"Episode 151 - How to Help Prospective Clients Buy From You Using Urgency","https://staging17.podcast.susanmcvea.com/using-urgency/","N/A"
1317,"TEMPLATE Podcast Episode Graphics 115 to -(6)","","N/A"
1309,"Episode 150 - Case Study: Entrepreneur's Journey to Successfully Sell Multiple Offers feat. Linda Enoh","https://staging17.podcast.susanmcvea.com/linda-enoh-part-2/","<iframe style=""border: none;"" title=""Libsyn Player"" src=""//html5-player.libsyn.com/embed/episode/id/23426054/height/90/theme/custom/thumbnail/yes/direction/backward/render-playlist/no/custom-color/0a1e39/"" width=""100%"" height=""90"" scrolling=""no"" allowfullscreen=""allowfullscreen""></iframe>"
1310,"TEMPLATE Podcast Episode Graphics 115 to -(5)","","N/A"
1285,"Episode 149 - How to Succeed As a Multi Passionate Visionary Entrepreneur","https://staging17.podcast.susanmcvea.com/visionary-entrepreneur/","<iframe style=""border: none;"" title=""Libsyn Player"" src=""//html5-player.libsyn.com/embed/episode/id/23351030/height/90/theme/custom/thumbnail/yes/direction/backward/render-playlist/no/custom-color/0a1e39/"" width=""100%"" height=""90"" scrolling=""no"" allowfullscreen=""allowfullscreen""></iframe>"
1286,"TEMPLATE Podcast Episode Graphics 115 to -(4)","","N/A"
1279,"Episode 148 - How to Handle Cryptocurrency Market Volatility","https://staging17.podcast.susanmcvea.com/cryptocurrency-market-volatility/","<iframe style=""border: none;"" title=""Libsyn Player"" src=""//html5-player.libsyn.com/embed/episode/id/23283074/height/90/theme/custom/thumbnail/yes/direction/backward/render-playlist/no/custom-color/0a1e39/"" width=""100%"" height=""90"" scrolling=""no"" allowfullscreen=""allowfullscreen""></iframe>"
1281,"TEMPLATE Podcast Episode Graphics 115 to -(3)(2)","","N/A"
1273,"Episode 147 - How to Handle Market Volatility","https://staging17.podcast.susanmcvea.com/market-volatility/","<iframe style=""border: none;"" title=""Libsyn Player"" src=""//html5-player.libsyn.com/embed/episode/id/23210375/height/90/theme/custom/thumbnail/yes/direction/backward/render-playlist/no/custom-color/0a1e39/"" width=""100%"" height=""90"" scrolling=""no"" allowfullscreen=""allowfullscreen""></iframe>"
1274,"TEMPLATE Podcast Episode Graphics 115 to -(3)(1)","","N/A"
1266,"Episode 146 - 4 Key Questions to Ask When Investing","https://staging17.podcast.susanmcvea.com/episode-146/","<iframe style=""border: none;"" title=""Libsyn Player"" src=""//html5-player.libsyn.com/embed/episode/id/23145116/height/90/theme/custom/thumbnail/yes/direction/backward/render-playlist/no/custom-color/0a1e39/"" width=""100%"" height=""90"" scrolling=""no"" allowfullscreen=""allowfullscreen""></iframe>"
1268,"TEMPLATE Podcast Episode Graphics 115 to -(2)","","N/A"
1206,"Episode 145 - The Top Ways to Succeed in Sales","https://staging17.podcast.susanmcvea.com/episode-145/","<iframe style=""border: none;"" title=""Libsyn Player"" src=""//html5-player.libsyn.com/embed/episode/id/22603004/height/90/theme/custom/thumbnail/yes/direction/backward/render-playlist/no/custom-color/0a1e38/"" width=""100%"" height=""90"" scrolling=""no"" allowfullscreen=""allowfullscreen""></iframe>"
1260,"TEMPLATE Podcast Episode Graphics 115 to -(1)","","N/A"
1254,"Episode 144 - 3 Pillars to Unlock the Selling is LeadingTM Principle","https://staging17.podcast.susanmcvea.com/3-pillars-to-unlock/","<iframe style=""border: none;"" title=""Libsyn Player"" src=""//html5-player.libsyn.com/embed/episode/id/22985276/height/90/theme/custom/thumbnail/yes/direction/backward/render-playlist/no/custom-color/0a1e39/"" width=""100%"" height=""90"" scrolling=""no"" allowfullscreen=""allowfullscreen""></iframe>"
1256,"Episode 144 Cover","","N/A"
1249,"Episode 143 - The Most Profitable Types of Clients Every Business Needs","https://staging17.podcast.susanmcvea.com/profitable-types-of-clients/","<iframe style=""border: none;"" title=""Libsyn Player"" src=""//html5-player.libsyn.com/embed/episode/id/22911170/height/90/theme/custom/thumbnail/yes/direction/backward/render-playlist/no/custom-color/0a1e39/"" width=""100%"" height=""90"" scrolling=""no"" allowfullscreen=""allowfullscreen""></iframe>"
1251,"episode 143","","N/A"
1237,"Episode 142 - 7 Income Streams to Increase Recurring Revenues","https://staging17.podcast.susanmcvea.com/7-income-streams-2/","<iframe style=""border: none;"" title=""Libsyn Player"" src=""//html5-player.libsyn.com/embed/episode/id/22845656/height/90/theme/custom/thumbnail/yes/direction/backward/render-playlist/no/custom-color/0a1e39/"" width=""100%"" height=""90"" scrolling=""no"" allowfullscreen=""allowfullscreen""></iframe>"
1238,"TEMPLATE Podcast Episode Graphics 115 to -(4)","","N/A"
1231,"Episode 141 -  Shy Introvert to Sales Superstar! (Feat. Li Min Huang)","https://staging17.podcast.susanmcvea.com/sales-superstar/","<iframe style=""border: none;"" title=""Libsyn Player"" src=""//html5-player.libsyn.com/embed/episode/id/22769438/height/90/theme/custom/thumbnail/yes/direction/backward/render-playlist/no/custom-color/0a1e39/"" width=""100%"" height=""90"" scrolling=""no"" allowfullscreen=""allowfullscreen""></iframe>"
1232,"TEMPLATE Podcast Episode Graphics 115 to -(3)","","N/A"
1224,"Episode 140 - Selling During Uncertain Times","https://staging17.podcast.susanmcvea.com/episode140/","<iframe style=""border: none;"" title=""Libsyn Player"" src=""//html5-player.libsyn.com/embed/episode/id/22686335/height/90/theme/custom/thumbnail/yes/direction/backward/render-playlist/no/custom-color/0a1e39/"" width=""100%"" height=""90"" scrolling=""no"" allowfullscreen=""allowfullscreen""></iframe>"
1225,"TEMPLATE Podcast Episode Graphics 115 to -(2)","","N/A"
1215,"Episode 139 - What It Takes to Create Premium Offers That Are In Demand and Sell Out Consistently","https://staging17.podcast.susanmcvea.com/episode139/","<iframe style=""border: none;"" title=""Libsyn Player"" src=""//html5-player.libsyn.com/embed/episode/id/22602908/height/90/theme/custom/thumbnail/yes/direction/backward/render-playlist/no/custom-color/0a1e33/"" width=""100%"" height=""90"" scrolling=""no"" allowfullscreen=""allowfullscreen""></iframe>"
1222,"TEMPLATE Podcast Episode Graphics 115 to -(1)","","N/A"
1211,"Episode 1XX - How to Help Prospective Clients Buy From You Using Urgency","https://staging17.podcast.susanmcvea.com/?p=1211","<iframe style=""border: none;"" title=""Libsyn Player"" src=""//html5-player.libsyn.com/embed/episode/id/22528004/height/90/theme/custom/thumbnail/yes/direction/backward/render-playlist/no/custom-color/0a1e39/"" width=""100%"" height=""90"" scrolling=""no"" allowfullscreen=""allowfullscreen""></iframe>"
1201,"Episode 138 - Biggest Blocks to Creating Consistent Income","https://staging17.podcast.susanmcvea.com/creating-consistent-income/","<iframe style=""border: none;"" title=""Libsyn Player"" src=""//html5-player.libsyn.com/embed/episode/id/22528004/height/90/theme/custom/thumbnail/yes/direction/backward/render-playlist/no/custom-color/0a1e39/"" width=""100%"" height=""90"" scrolling=""no"" allowfullscreen=""allowfullscreen""></iframe>"
1203,"TEMPLATE Podcast Episode Graphics 115 to -","","N/A"
1195,"Episode 137 - How to Attract High Paying Clients Without Being on Social Media Constantly","https://staging17.podcast.susanmcvea.com/social-media-constantly/","<iframe style=""border: none;"" title=""Libsyn Player"" src=""//html5-player.libsyn.com/embed/episode/id/22452080/height/90/theme/custom/thumbnail/yes/direction/backward/render-playlist/no/custom-color/0a1e39/"" width=""100%"" height=""90"" scrolling=""no"" allowfullscreen=""allowfullscreen""></iframe>"
1196,"TEMPLATE Podcast Episode Graphics 115 to -","","N/A"
1186,"Episode 136 - Turning Problems into Opportunities with Effective Customer Service","https://staging17.podcast.susanmcvea.com/problems-into-opportunities/","<iframe style=""border: none;"" title=""Libsyn Player"" src=""//html5-player.libsyn.com/embed/episode/id/22377254/height/90/theme/custom/thumbnail/yes/direction/backward/render-playlist/no/custom-color/0a1e39/"" width=""100%"" height=""90"" scrolling=""no"" allowfullscreen=""allowfullscreen""></iframe>"
1188,"TEMPLATE Podcast Episode Graphics 115 to -","","N/A"
1177,"Episode 135 - How to Sell to 4 Key Decision Making Personalities","https://staging17.podcast.susanmcvea.com/decision-making-personalities/","<iframe style=""border: none;"" title=""Libsyn Player"" src=""//html5-player.libsyn.com/embed/episode/id/22292624/height/90/theme/custom/thumbnail/yes/direction/backward/render-playlist/no/custom-color/0a1e39/"" width=""100%"" height=""90"" scrolling=""no"" allowfullscreen=""allowfullscreen""></iframe>"
1178,"TEMPLATE Podcast Episode Graphics 115 to -(5)","","N/A"
1170,"Episode 134 - Your Lead Generation Problem is Not a Lack of Leads (Part 2)","https://staging17.podcast.susanmcvea.com/lead-generation-problem-2/","<iframe style=""border: none;"" title=""Libsyn Player"" src=""//html5-player.libsyn.com/embed/episode/id/22224617/height/90/theme/custom/thumbnail/yes/direction/backward/render-playlist/no/custom-color/0a1e39/"" width=""100%"" height=""90"" scrolling=""no"" allowfullscreen=""allowfullscreen""></iframe>"
1171,"TEMPLATE Podcast Episode Graphics 115 to -(4)","","N/A"
1165,"Episode 133 - Your Lead Generation Problem is Not a Lack of Leads (Part 1)","https://staging17.podcast.susanmcvea.com/lead-generation-problem/","<iframe style=""border: none;"" title=""Libsyn Player"" src=""//html5-player.libsyn.com/embed/episode/id/22136066/height/90/theme/custom/thumbnail/yes/direction/backward/render-playlist/no/custom-color/0a1e39/"" width=""100%"" height=""90"" scrolling=""no"" allowfullscreen=""allowfullscreen""></iframe>"
1167,"TEMPLATE Podcast Episode Graphics 115 to -(3)","","N/A"
1157,"Episode 132 - Top Opportunities for 6 and 7 Figure Success","https://staging17.podcast.susanmcvea.com/opportunities-6-7-figure/","<iframe style=""border: none;"" title=""Libsyn Player"" src=""//html5-player.libsyn.com/embed/episode/id/22060049/height/90/theme/custom/thumbnail/yes/direction/backward/render-playlist/no/custom-color/0a1e39/"" width=""100%"" height=""90"" scrolling=""no"" allowfullscreen=""allowfullscreen""></iframe>"
1159,"TEMPLATE Podcast Episode Graphics 115 to -(2)","","N/A"
1151,"Episode 131 - Key Bottlenecks to Scaling Sales","https://staging17.podcast.susanmcvea.com/key-bottlenecks/","<iframe style=""border: none;"" title=""Libsyn Player"" src=""//html5-player.libsyn.com/embed/episode/id/21989807/height/90/theme/custom/thumbnail/yes/direction/backward/render-playlist/no/custom-color/0a1e39/"" width=""100%"" height=""90"" scrolling=""no"" allowfullscreen=""allowfullscreen""></iframe>"
1153,"TEMPLATE Podcast Episode Graphics 115 to -(1)","","N/A"
1144,"Episode 130 - Never Ending Content Ideas That Convert","https://staging17.podcast.susanmcvea.com/content-ideas-that-convert/","N/A"
1148,"TEMPLATE Podcast Episode Graphics 115 to - (2)","","N/A"
1138,"Episode 129 - 3 Leading Sales Conversation Mistakes","https://staging17.podcast.susanmcvea.com/3-mistakes/","<iframe style=""border: none;"" title=""Libsyn Player"" src=""//html5-player.libsyn.com/embed/episode/id/21812258/height/90/theme/custom/thumbnail/yes/direction/backward/render-playlist/no/custom-color/0a1e39/"" width=""100%"" height=""90"" scrolling=""no"" allowfullscreen=""allowfullscreen""></iframe>"
1140,"TEMPLATE Podcast Episode Graphics 115 to -","","N/A"
1130,"Episode 128 - The Most Effective Techniques Telemarketers Use to Increase Sales","https://staging17.podcast.susanmcvea.com/techniques-telemarketers-use/","<iframe style=""border: none;"" title=""Libsyn Player"" src=""//html5-player.libsyn.com/embed/episode/id/21741827/height/90/theme/custom/thumbnail/yes/direction/backward/render-playlist/no/custom-color/0a1e39/"" width=""100%"" height=""90"" scrolling=""no"" allowfullscreen=""allowfullscreen""></iframe>"
1131,"TEMPLATE Podcast Episode Graphics 115 to - (1)","","N/A"
1123,"Episode 127 - Top 3 Strategies to Get Paid More for Your Expertise","https://staging17.podcast.susanmcvea.com/get-paid-more-for-your-expertise/","<iframe style=""border: none;"" title=""Libsyn Player"" src=""//html5-player.libsyn.com/embed/episode/id/21669656/height/90/theme/custom/thumbnail/yes/direction/backward/render-playlist/no/custom-color/0a1e39/"" width=""100%"" height=""90"" scrolling=""no"" allowfullscreen=""allowfullscreen""></iframe>"
1125,"Episode 127 cover","","N/A"
1121,"EP126","","N/A"
1116,"Episode 126 – Best of 2021 - Top 10 Episodes (Part 2)","https://staging17.podcast.susanmcvea.com/top10-episodes-part2/","<iframe style=""border: none;"" title=""Libsyn Player"" src=""//html5-player.libsyn.com/embed/episode/id/21614480/height/90/theme/custom/thumbnail/yes/direction/backward/render-playlist/no/custom-color/0a1e39/"" width=""100%"" height=""90"" scrolling=""no"" allowfullscreen=""allowfullscreen""></iframe>"
1108,"Episode 125 – Best of 2021 - Top 10 Episodes (Part 1)","https://staging17.podcast.susanmcvea.com/episode-125/","<iframe title=""Libsyn Player"" style=""border: none"" src=""//html5-player.libsyn.com/embed/episode/id/21557792/height/90/theme/custom/thumbnail/yes/direction/backward/render-playlist/no/custom-color/0a1e39/"" height=""90"" width=""100%"" scrolling=""no""  allowfullscreen webkitallowfullscreen mozallowfullscreen oallowfullscreen msallowfullscreen></iframe>"
1109,"TEMPLATE Podcast Episode Graphics 115 to 125","","N/A"
1105,"TEMPLATE Podcast Episode Graphics 115 to 125","","N/A"
1100,"Episode 124 – Top 5 Opportunities in 2022","https://staging17.podcast.susanmcvea.com/episode-124/","<iframe style=""border: none;"" title=""Libsyn Player"" src=""//html5-player.libsyn.com/embed/episode/id/21479462/height/90/theme/custom/thumbnail/yes/direction/backward/render-playlist/no/custom-color/0a1e39/"" width=""100%"" height=""90"" scrolling=""no"" allowfullscreen=""allowfullscreen""></iframe>"
1102,"Episode 124 Cover","","N/A"
1094,"Episode 123 – How to Make More Money Without Creating Anything New","https://staging17.podcast.susanmcvea.com/creating-anything-new/","<iframe style=""border: none;"" title=""Libsyn Player"" src=""//html5-player.libsyn.com/embed/episode/id/21403955/height/90/theme/custom/thumbnail/yes/direction/backward/render-playlist/no/custom-color/0a1e39/"" width=""100%"" height=""90"" scrolling=""no"" allowfullscreen=""allowfullscreen""></iframe>"
1095,"Episode 123 Cover","","N/A"
1088,"Episode 122 - 3 Simple Strategies to Improve Virtual and Social Selling Close Rates","https://staging17.podcast.susanmcvea.com/improve-virtual-and-social-selling/","<iframe style=""border: none;"" title=""Libsyn Player"" src=""//html5-player.libsyn.com/embed/episode/id/21256424/height/90/theme/custom/thumbnail/yes/direction/backward/render-playlist/no/custom-color/0a1e39/"" width=""100%"" height=""90"" scrolling=""no"" allowfullscreen=""allowfullscreen""></iframe>"
1082,"Episode 121 - Stop Convincing People and Do This Instead","https://staging17.podcast.susanmcvea.com/stop-convincing-people/","<iframe style=""border: none;"" title=""Libsyn Player"" src=""//html5-player.libsyn.com/embed/episode/id/21256310/height/90/theme/custom/thumbnail/yes/direction/backward/render-playlist/no/custom-color/0a1e29/"" width=""100%"" height=""90"" scrolling=""no"" allowfullscreen=""allowfullscreen""></iframe>"
1092,"Episode 122 Cover","","N/A"
1084,"Episode 121 Cover","","N/A"
1073,"Episode 120 - Do This First to Increase Your Close Ratio for Sales Proposals","https://staging17.podcast.susanmcvea.com/increase-ratio-for-sales-proposals/","<iframe style=""border: none;"" title=""Libsyn Player"" src=""//html5-player.libsyn.com/embed/episode/id/21180230/height/90/theme/custom/thumbnail/yes/direction/backward/render-playlist/no/custom-color/0a1e39/"" width=""100%"" height=""90"" scrolling=""no"" allowfullscreen=""allowfullscreen""></iframe>"
1074,"Episode 120 Cover","","N/A"
1067,"Episode 119 - Turning 1 Client into 3 Using the 3X Effect&#x2122; Strategy","https://staging17.podcast.susanmcvea.com/3x-effect-strategy/","<iframe style=""border: none;"" title=""Libsyn Player"" src=""//html5-player.libsyn.com/embed/episode/id/21101201/height/90/theme/custom/thumbnail/yes/direction/backward/render-playlist/no/custom-color/0a1e39/"" width=""100%"" height=""90"" scrolling=""no"" allowfullscreen=""allowfullscreen""></iframe>"
1069,"Episode 119 Cover","","N/A"
1060,"Episode 118 - Why Empathy Is Essential to Selling","https://staging17.podcast.susanmcvea.com/why-empathy-to-selling/","<iframe style=""border: none;"" title=""Libsyn Player"" src=""//html5-player.libsyn.com/embed/episode/id/21019835/height/90/theme/custom/thumbnail/yes/direction/backward/render-playlist/no/custom-color/0a1e39/"" width=""100%"" height=""90"" scrolling=""no"" allowfullscreen=""allowfullscreen""></iframe>"
1061,"Episode 118 Cover","","N/A"
1052,"Episode 117 - Top 3 Reasons You Struggle to Succeed as An Entrepreneur or Salesperson","https://staging17.podcast.susanmcvea.com/ep117/","<iframe style=""border: none;"" title=""Libsyn Player"" src=""//html5-player.libsyn.com/embed/episode/id/20944211/height/90/theme/custom/thumbnail/yes/direction/backward/render-playlist/no/custom-color/0a1e39/"" width=""100%"" height=""90"" scrolling=""no"" allowfullscreen=""allowfullscreen""></iframe>"
1054,"TEMPLATE Podcast Episode Graphics(1)","","N/A"
1045,"Episode 116 - The Single Most Important Daily Thing Every Business Owner Needs to Succeed","https://staging17.podcast.susanmcvea.com/daily-thing-to-succeed/","<iframe style=""border: none;"" title=""Libsyn Player"" src=""//html5-player.libsyn.com/embed/episode/id/20864657/height/90/theme/custom/thumbnail/yes/direction/backward/render-playlist/no/custom-color/0a1e39/"" width=""100%"" height=""90"" scrolling=""no"" allowfullscreen=""allowfullscreen""></iframe>"
1046,"ep116","","N/A"
1038,"Episode 115 - How to Identify Emerging Opportunities","https://staging17.podcast.susanmcvea.com/emerging-opportunities/","<iframe style=""border: none;"" title=""Libsyn Player"" src=""//html5-player.libsyn.com/embed/episode/id/20787989/height/90/theme/custom/thumbnail/yes/direction/backward/render-playlist/no/custom-color/0a1e39/"" width=""100%"" height=""90"" scrolling=""no"" allowfullscreen=""allowfullscreen""></iframe>"
1040,"ep115","","N/A"
1030,"Episode 114  - Preparing for a Productive and Profitable Seasonal Sale","https://staging17.podcast.susanmcvea.com/profitable-seasonal-sale/","<iframe style=""border: none;"" title=""Libsyn Player"" src=""//html5-player.libsyn.com/embed/episode/id/20710580/height/90/theme/custom/thumbnail/yes/direction/backward/render-playlist/no/custom-color/0a1e39/"" width=""100%"" height=""90"" scrolling=""no"" allowfullscreen=""allowfullscreen""></iframe>"
1031,"TEMPLATE Podcast Episode Graphics","","N/A"
1024,"Episode 113 - Quarterly Sales Planning That Actually Increases Results","https://staging17.podcast.susanmcvea.com/quarterly-sales-planning/","<iframe style=""border: none;"" src=""//html5-player.libsyn.com/embed/episode/id/20626967/height/90/theme/custom/thumbnail/yes/direction/backward/render-playlist/no/custom-color/0a1e39/"" width=""100%"" height=""90"" scrolling=""no"" allowfullscreen=""allowfullscreen""></iframe>"
1025,"ep113","","N/A"
1017,"Episode 112 - How to Stop Being Afraid to Sell","https://staging17.podcast.susanmcvea.com/episode-112/","<iframe style=""border: none;"" src=""//html5-player.libsyn.com/embed/episode/id/20547584/height/90/theme/custom/thumbnail/yes/direction/backward/render-playlist/no/custom-color/0a1e39/"" width=""100%"" height=""90"" scrolling=""no"" allowfullscreen=""allowfullscreen""></iframe>"
1018,"ep112","","N/A"
1011,"Episode 111 - Intuitive Selling","https://staging17.podcast.susanmcvea.com/intuitive-selling/","<iframe style=""border: none;"" src=""//html5-player.libsyn.com/embed/episode/id/20467565/height/90/theme/custom/thumbnail/yes/direction/backward/render-playlist/no/custom-color/0a1e39/"" width=""100%"" height=""90"" scrolling=""no"" allowfullscreen=""allowfullscreen""></iframe>"
1013,"TEMPLATE Podcast Episode Graphics (2)","","N/A"
1005,"Episode 110 - 3 Strategies to a Million Dollar Network","https://staging17.podcast.susanmcvea.com/3-strategies-to-a-million-dollar-network/","<iframe style=""border: none;"" src=""//html5-player.libsyn.com/embed/episode/id/20389964/height/90/theme/custom/thumbnail/yes/direction/backward/render-playlist/no/custom-color/0a1e39/"" width=""100%"" height=""90"" scrolling=""no"" allowfullscreen=""allowfullscreen""></iframe>"
1007,"ep110","","N/A"
997,"Episode 109 - Servant Leadership & Sales","https://staging17.podcast.susanmcvea.com/servant-leadership-sales/","<iframe style=""border: none;"" src=""//html5-player.libsyn.com/embed/episode/id/20320025/height/90/theme/custom/thumbnail/yes/direction/backward/render-playlist/no/custom-color/0a1e39/"" width=""100%"" height=""90"" scrolling=""no"" allowfullscreen=""allowfullscreen""></iframe>"
998,"ep109","","N/A"
991,"Episode 108 - McDonald's Sales Strategy","https://staging17.podcast.susanmcvea.com/mcdonalds-sales-strategy/","<iframe style=""border: none;"" src=""//html5-player.libsyn.com/embed/episode/id/20240906/height/90/theme/custom/thumbnail/yes/direction/backward/render-playlist/no/custom-color/0a1e39/"" width=""100%"" height=""90"" scrolling=""no"" allowfullscreen=""allowfullscreen""></iframe>"
992,"ep108","","N/A"
989,"ep105","","N/A"
983,"Episode 107 - What You Need to Know to Be Successful at Selling","https://staging17.podcast.susanmcvea.com/what-you-need-to-know-to-be-successful-at-selling/","<iframe style=""border: none;"" src=""//html5-player.libsyn.com/embed/episode/id/20168453/height/90/theme/custom/thumbnail/yes/direction/backward/render-playlist/no/custom-color/0a1e39/"" width=""100%"" height=""90"" scrolling=""no"" allowfullscreen=""allowfullscreen""></iframe>"
984,"ep107","","N/A"
975,"Episode 106 - Story Selling","https://staging17.podcast.susanmcvea.com/story-selling/","<iframe style=""border: none;"" src=""//html5-player.libsyn.com/embed/episode/id/20091155/height/90/theme/custom/thumbnail/yes/direction/backward/render-playlist/no/custom-color/0a1e39/"" width=""100%"" height=""90"" scrolling=""no"" allowfullscreen=""allowfullscreen""></iframe>"
977,"ep106","","N/A"
969,"Episode 105 - 3 Simple Strategies to Sell Out Masterminds (feat. Mark Keene)","https://staging17.podcast.susanmcvea.com/mark-keene/","<iframe style=""border: none;"" src=""//html5-player.libsyn.com/embed/episode/id/20018348/height/90/theme/custom/thumbnail/yes/direction/backward/render-playlist/no/custom-color/0a1e39/"" width=""100%"" height=""90"" scrolling=""no"" allowfullscreen=""allowfullscreen""></iframe>"
963,"Episode 104 - Marketing & Sales: Creating Harmony with Your Campaigns (feat. Nikki Nash)","https://staging17.podcast.susanmcvea.com/creating-harmony-with-your-campaigns/","<iframe style=""border: none;"" src=""//html5-player.libsyn.com/embed/episode/id/19942490/height/90/theme/custom/thumbnail/yes/direction/backward/render-playlist/no/custom-color/0a1e39/"" width=""100%"" height=""90"" scrolling=""no"" allowfullscreen=""allowfullscreen""></iframe>"
965,"ep104","","N/A"
957,"Episode 103 - 3 Reasons Why You Struggle to Sell","https://staging17.podcast.susanmcvea.com/3-reasons-why-you-struggle-to-sell/","<iframe style=""border: none;"" src=""//html5-player.libsyn.com/embed/episode/id/19866638/height/90/theme/custom/thumbnail/yes/direction/backward/render-playlist/no/custom-color/0a1e39/"" width=""100%"" height=""90"" scrolling=""no"" allowfullscreen=""allowfullscreen""></iframe>"
958,"EP103","","N/A"
949,"Episode 102 -  5 Simple Strategies to Deal with Sales Rejection","https://staging17.podcast.susanmcvea.com/5-simple-strategies-to-deal-with-sales-rejection/","<iframe style=""border: none;"" src=""//html5-player.libsyn.com/embed/episode/id/19792802/height/90/theme/custom/thumbnail/yes/direction/backward/render-playlist/no/custom-color/0a1e39/"" width=""100%"" height=""90"" scrolling=""no"" allowfullscreen=""allowfullscreen""></iframe>"
950,"ep102","","N/A"
943,"Episode 101 - 5 Sales Myths You Need to Know","https://staging17.podcast.susanmcvea.com/5-sales-myths-you-need-to-know/","<iframe style=""border: none;"" src=""//html5-player.libsyn.com/embed/episode/id/19717175/height/90/theme/custom/thumbnail/yes/direction/backward/render-playlist/no/custom-color/0a1e39/"" width=""100%"" height=""90"" scrolling=""no"" allowfullscreen=""allowfullscreen""></iframe>"
944,"ep101","","N/A"
934,"Episode 100 - The Journey to 100 Episodes","https://staging17.podcast.susanmcvea.com/the-journey-to-100-episodes/","<iframe style=""border: none;"" src=""//html5-player.libsyn.com/embed/episode/id/19641863/height/90/theme/custom/thumbnail/yes/direction/backward/render-playlist/no/custom-color/0a1e39/"" width=""100%"" height=""90"" scrolling=""no"" allowfullscreen=""allowfullscreen""></iframe>"
935,"ep100","","N/A"
928,"Episode 99 - What Every Customer Really Wants From Your Business","https://staging17.podcast.susanmcvea.com/what-every-customer-really-wants-from-your-business/","<iframe style=""border: none;"" src=""//html5-player.libsyn.com/embed/episode/id/19560668/height/90/theme/custom/thumbnail/yes/direction/backward/render-playlist/no/custom-color/0a1e39/"" width=""100%"" height=""90"" scrolling=""no"" allowfullscreen=""allowfullscreen""></iframe>"
929,"ep99","","N/A"
921,"Episode 98 - The Secret That the Smartest Entrepreneurs Use to Scale Their Business","https://staging17.podcast.susanmcvea.com/the-secret-that-the-smartest-entrepreneurs/","<iframe style=""border: none;"" src=""//html5-player.libsyn.com/embed/episode/id/19481807/height/90/theme/custom/thumbnail/yes/direction/backward/render-playlist/no/custom-color/0a1e39/"" width=""100%"" height=""90"" scrolling=""no"" allowfullscreen=""allowfullscreen""></iframe>"
923,"ep98","","N/A"
915,"Episode 97 - ClubHouse Sales Strategies - An Update On How to Get High Quality Leads and Clients","https://staging17.podcast.susanmcvea.com/clubhouse-sales-strategies/","<iframe style=""border: none"" src=""//html5-player.libsyn.com/embed/episode/id/19396718/height/90/theme/custom/thumbnail/yes/direction/backward/render-playlist/no/custom-color/0a1e39/"" height=""90"" width=""100%"" scrolling=""no""  allowfullscreen webkitallowfullscreen mozallowfullscreen oallowfullscreen msallowfullscreen></iframe>"
917,"ep97","","N/A"
909,"Episode 96 - The Single Biggest Lie You Need to Stop Telling Yourself Right Now","https://staging17.podcast.susanmcvea.com/the-single-biggest-lie/","<iframe style=""border: none;"" src=""//html5-player.libsyn.com/embed/episode/id/19310729/height/90/theme/custom/thumbnail/yes/direction/backward/render-playlist/no/custom-color/0a1e39/"" width=""100%"" height=""90"" scrolling=""no"" allowfullscreen=""allowfullscreen""></iframe>"
911,"ep96","","N/A"
902,"Episode 95 - 3 Biggest Mistakes that Kill Your Sales and Simple Ways to Fix it Now","https://staging17.podcast.susanmcvea.com/3-biggest-mistakes-that-kill-your-sales/","<iframe style=""border: none;"" src=""//html5-player.libsyn.com/embed/episode/id/19231835/height/90/theme/custom/thumbnail/yes/direction/backward/render-playlist/no/custom-color/0a1e29/"" width=""100%"" height=""90"" scrolling=""no"" allowfullscreen=""allowfullscreen""></iframe>"
903,"TEMPLATE Podcast Episode Graphics","","N/A"
895,"Episode 94 - How to Get Your Next 100 Leads Even If You Are Pivoting or Starting From Zero","https://staging17.podcast.susanmcvea.com/how-to-get-your-next-100-leads/","<iframe style=""border: none;"" src=""//html5-player.libsyn.com/embed/episode/id/19146593/height/90/theme/custom/thumbnail/yes/direction/backward/render-playlist/no/custom-color/0a1e39/"" width=""100%"" height=""90"" scrolling=""no"" allowfullscreen=""allowfullscreen""></iframe>"
898,"TEMPLATE Podcast Episode Graphics","","N/A"
888,"Episode 93 - Selling 4X More Than the Average Realtor (During a Pandemic) feat. Kendra Conyers","https://staging17.podcast.susanmcvea.com/selling-4x-more/","<iframe style=""border: none;"" src=""//html5-player.libsyn.com/embed/episode/id/19059659/height/90/theme/custom/thumbnail/yes/direction/backward/render-playlist/no/custom-color/0a1e39/"" width=""100%"" height=""90"" scrolling=""no"" allowfullscreen=""allowfullscreen""></iframe>"
890,"TEMPLATE Podcast Episode Graphics","","N/A"
881,"Episode 92 - How to Successfully Pre-sell Your Offer Without Complicated Strategies","https://staging17.podcast.susanmcvea.com/pre-sell-your-offer/","<iframe style=""border: none;"" src=""//html5-player.libsyn.com/embed/episode/id/18969968/height/90/theme/custom/thumbnail/yes/direction/backward/render-playlist/no/custom-color/0a1e39/"" width=""100%"" height=""90"" scrolling=""no"" allowfullscreen=""allowfullscreen""></iframe>"
883,"Episode 92 folder","","N/A"
875,"Episode 91 - Selling Once For Ongoing Monthly Recurring Revenue","https://staging17.podcast.susanmcvea.com/selling-once-for-ongoing/","<iframe style=""border: none;"" src=""//html5-player.libsyn.com/embed/episode/id/18876755/height/90/theme/custom/thumbnail/yes/direction/backward/render-playlist/no/custom-color/0a1e39/"" width=""100%"" height=""90"" scrolling=""no"" allowfullscreen=""allowfullscreen""></iframe>"
876,"Episode 91 folder","","N/A"
869,"Episode 90 - Leverage Time Using Courses and Memberships to Increase Sales","https://staging17.podcast.susanmcvea.com/leverage-time/","<iframe style=""border: none;"" src=""//html5-player.libsyn.com/embed/episode/id/18790730/height/90/theme/custom/thumbnail/yes/direction/backward/render-playlist/no/custom-color/0a1e39/"" width=""100%"" height=""90"" scrolling=""no"" allowfullscreen=""allowfullscreen""></iframe>"
871,"Episode 90","","N/A"
862,"TEMPLATE Podcast Episode Graphics","","N/A"
861,"Episode 89 - Which Metric Could Be Causing More Work for You Without You Realizing It","https://staging17.podcast.susanmcvea.com/which-metric/","<iframe style=""border: none;"" src=""//html5-player.libsyn.com/embed/episode/id/18706085/height/90/theme/custom/thumbnail/yes/direction/backward/render-playlist/no/custom-color/0a1e39/"" width=""100%"" height=""90"" scrolling=""no"" allowfullscreen=""allowfullscreen""></iframe>"
855,"Episode 88 - 7 Income Streams to Help You Create Millionaire Level Wealth","https://staging17.podcast.susanmcvea.com/7-income-streams/","<iframe style=""border: none;"" src=""//html5-player.libsyn.com/embed/episode/id/18617819/height/90/theme/custom/thumbnail/yes/direction/backward/render-playlist/no/custom-color/0a1e39/"" width=""100%"" height=""90"" scrolling=""no"" allowfullscreen=""allowfullscreen""></iframe>"
857,"ep88","","N/A"
849,"Episode 87 - Why Sales Conversations Go Horribly Wrong","https://staging17.podcast.susanmcvea.com/why-sales-conversations-go-horribly-wrong/","<iframe style=""border: none;"" src=""//html5-player.libsyn.com/embed/episode/id/18532772/height/90/theme/custom/thumbnail/yes/direction/backward/render-playlist/no/custom-color/0a1e39/"" width=""100%"" height=""90"" scrolling=""no"" allowfullscreen=""allowfullscreen""></iframe>"
850,"TEMPLATE Podcast Episode Graphics","","N/A"
842,"Episode 86 - The 17 Steps to the Common Path to Uncommon Success feat. John Lee Dumas","https://staging17.podcast.susanmcvea.com/the-17-steps/","<iframe style=""border: none;"" src=""//html5-player.libsyn.com/embed/episode/id/18435164/height/90/theme/custom/thumbnail/yes/direction/backward/render-playlist/no/custom-color/0a1e39/"" width=""100%"" height=""90"" scrolling=""no"" allowfullscreen=""allowfullscreen""></iframe>"
844,"TEMPLATE Podcast Episode Graphics","","N/A"
835,"Episode 85 - How to Value Properly","https://staging17.podcast.susanmcvea.com/how-to-value-properly/","<iframe style=""border: none;"" src=""//html5-player.libsyn.com/embed/episode/id/18346028/height/90/theme/custom/thumbnail/yes/direction/backward/render-playlist/no/custom-color/0a1e39/"" width=""100%"" height=""90"" scrolling=""no"" allowfullscreen=""allowfullscreen""></iframe>"
836,"TEMPLATE Podcast Episode Graphics","","N/A"
825,"Episode 84 - Using Your Signature Story Vault to Sell feat. Expert Merav Richter","https://staging17.podcast.susanmcvea.com/using-your-signature-story-vault-to-sell/","N/A"
830,"TEMPLATE Podcast Episode Graphics","","N/A"
819,"Episode 83 - How to Make Sure Your Sales Funnel Actually Converts Leads to Paying Customers","https://staging17.podcast.susanmcvea.com/how-to-make-sure-your-sales-funnel-actually-converts-leads-to-paying-customers/","<iframe style=""border: none;"" src=""//html5-player.libsyn.com/embed/episode/id/18134315/height/90/theme/custom/thumbnail/yes/direction/backward/render-playlist/no/custom-color/0a1e39/"" width=""100%"" height=""90"" scrolling=""no"" allowfullscreen=""allowfullscreen""></iframe>"
821,"TEMPLATE Podcast Episode Graphics","","N/A"
812,"Episode 82 - Increasing A Sales Opportunity By 6X In 10 Minutes","https://staging17.podcast.susanmcvea.com/increasing-a-sales-opportunity-by-6x-in-10-minutes/","<iframe style=""border: none;"" src=""//html5-player.libsyn.com/embed/episode/id/18056078/height/90/theme/custom/thumbnail/yes/direction/backward/render-playlist/no/custom-color/0a1e39/"" width=""100%"" height=""90"" scrolling=""no"" allowfullscreen=""allowfullscreen""></iframe>"
813,"ep82","","N/A"
806,"Episode 81 - 5 Strategies to Get More Clients Even With A Tiny List Audience Or Following","https://staging17.podcast.susanmcvea.com/5-strategies-to-get-more-clients/","<iframe style=""border: none;"" src=""//html5-player.libsyn.com/embed/episode/id/17964605/height/90/theme/custom/thumbnail/yes/direction/backward/render-playlist/no/custom-color/0a1e39/"" width=""100%"" height=""90"" scrolling=""no"" allowfullscreen=""allowfullscreen""></iframe>"
807,"ep81","","N/A"
799,"Episode 80 - How to use Clarity to Be More Connected With Yourself And Improve Your Business At the Same Time (feat. Gigi Burke)","https://staging17.podcast.susanmcvea.com/how-to-use-clarity/","<iframe style=""border: none;"" src=""//html5-player.libsyn.com/embed/episode/id/17879354/height/90/theme/custom/thumbnail/yes/direction/backward/render-playlist/no/custom-color/0a1e39/"" width=""100%"" height=""90"" scrolling=""no"" allowfullscreen=""allowfullscreen""></iframe>"
800,"ep80","","N/A"
790,"Episode 79 - The #1 Reason Why You Don't See The Results You're Actually Looking For","https://staging17.podcast.susanmcvea.com/the-reason-why-you-dont-see-the-results/","<iframe style=""border: none;"" src=""//html5-player.libsyn.com/embed/episode/id/17785679/height/90/theme/custom/thumbnail/yes/direction/backward/render-playlist/no/custom-color/0a1e39/"" width=""100%"" height=""90"" scrolling=""no"" allowfullscreen=""allowfullscreen""></iframe>"
791,"ep79","","N/A"
782,"Episode 78 - How to Know When you Need to Hire a Sales Team Member","https://staging17.podcast.susanmcvea.com/how-to-know-when-you-need-to-hire/","<iframe style=""border: none;"" src=""//html5-player.libsyn.com/embed/episode/id/17691800/height/90/theme/custom/thumbnail/yes/direction/backward/render-playlist/no/custom-color/0a1e39/"" width=""100%"" height=""90"" scrolling=""no"" allowfullscreen=""allowfullscreen""></iframe>"
783,"TEMPLATE Podcast Episode Graphics","","N/A"
776,"Episode 77 - How to Market Differently to Maximize Your Opportunities With Hot, Warm and Cold Leads","https://staging17.podcast.susanmcvea.com/how-to-market-differently/","<iframe style=""border: none;"" src=""//html5-player.libsyn.com/embed/episode/id/17604749/height/90/theme/custom/thumbnail/yes/direction/backward/render-playlist/no/custom-color/0a1e39/"" width=""100%"" height=""90"" scrolling=""no"" allowfullscreen=""allowfullscreen""></iframe>"
777,"ep77","","N/A"
769,"Episode 76 - Key Differences Between Hot, Warm and Cold Leads","https://staging17.podcast.susanmcvea.com/key-differences-between-hot-warm-and-cold-leads/","<iframe style=""border: none;"" src=""//html5-player.libsyn.com/embed/episode/id/17514215/height/90/theme/custom/thumbnail/yes/direction/backward/render-playlist/no/custom-color/0a1e39/"" width=""100%"" height=""90"" scrolling=""no"" allowfullscreen=""allowfullscreen""></iframe>"
771,"ep76","","N/A"
760,"Episode 75 - How to Create Mental Market Share and Start Selling in a New Authentic Way","https://staging17.podcast.susanmcvea.com/how-to-create-mental-market-share/","<iframe style=""border: none;"" src=""//html5-player.libsyn.com/embed/episode/id/17427125/height/90/theme/custom/thumbnail/yes/direction/backward/render-playlist/no/custom-color/0a1e39/"" width=""100%"" height=""90"" scrolling=""no"" allowfullscreen=""allowfullscreen""></iframe>"
761,"EP75","","N/A"
751,"Episode 74 - Top 5 Marketing/Sales Trends to Grow Your Business in 2021","https://staging17.podcast.susanmcvea.com/top-5-marketing-sales-trends-to-grow-your-business-in-2021/","<iframe style=""border: none;"" src=""//html5-player.libsyn.com/embed/episode/id/17355848/height/90/theme/custom/thumbnail/yes/direction/backward/render-playlist/no/custom-color/0a1e39/"" width=""100%"" height=""90"" scrolling=""no"" allowfullscreen=""allowfullscreen""></iframe>"
752,"ep74","","N/A"
744,"Episode 73: Clubhouse: The Exclusive Invite Only Social App and 5 Strategies to Use it to Grow Your Business","https://staging17.podcast.susanmcvea.com/clubhouse-the-exclusive-invite/","<iframe style=""border: none;"" src=""//html5-player.libsyn.com/embed/episode/id/17288666/height/90/theme/custom/thumbnail/yes/direction/backward/render-playlist/no/custom-color/0a1e39/"" width=""100%"" height=""90"" scrolling=""no"" allowfullscreen=""allowfullscreen""></iframe>"
746,"EP73","","N/A"
736,"Episode 72: Content Marketing Systems to Create, Plan and Share Key Content on Social Media","https://staging17.podcast.susanmcvea.com/content-marketing-systems/","<iframe style=""border: none;"" src=""//html5-player.libsyn.com/embed/episode/id/17200007/height/90/theme/custom/thumbnail/yes/direction/backward/render-playlist/no/custom-color/0a1e39/"" width=""100%"" height=""90"" scrolling=""no"" allowfullscreen=""allowfullscreen""></iframe>"
737,"ep72","","N/A"
726,"Episode 71: Irresistible Lead Magnets to Get More Leads and Convert to Paying Clients","https://staging17.podcast.susanmcvea.com/irresistible-lead-magnets-to-get-more-leads-and-convert-to-paying-clients/","<iframe style=""border: none;"" src=""//html5-player.libsyn.com/embed/episode/id/17108465/height/90/theme/custom/thumbnail/yes/direction/backward/render-playlist/no/custom-color/0a1e39/"" width=""100%"" height=""90"" scrolling=""no"" allowfullscreen=""allowfullscreen""></iframe>"
727,"ep71","","N/A"
712,"Episode 70: How To Be Excited About What You're Offering","https://staging17.podcast.susanmcvea.com/how-to-be-excited-about-what-youre-offering/","<iframe style=""border: none;"" src=""//html5-player.libsyn.com/embed/episode/id/17013059/height/90/theme/custom/thumbnail/yes/direction/backward/render-playlist/no/custom-color/0a1e39/"" width=""100%"" height=""90"" scrolling=""no"" allowfullscreen=""allowfullscreen""></iframe>"
717,"ep70","","N/A"
689,"Episode 69: Using Facebook Groups to Get Paying Clients","https://staging17.podcast.susanmcvea.com/using-facebook-groups-to-get-paying-clients/","<iframe style=""border: none;"" src=""//html5-player.libsyn.com/embed/episode/id/16932869/height/90/theme/custom/thumbnail/yes/direction/backward/render-playlist/no/custom-color/0a1e39/"" width=""100%"" height=""90"" scrolling=""no"" allowfullscreen=""allowfullscreen""></iframe>"
694,"ep68","","N/A"
690,"ep69","","N/A"
682,"Episode 68: 5 Essential Keys To Creating Your Irresistible Offer","https://staging17.podcast.susanmcvea.com/5-essential-keys-to-creating-your-irresistible-offer/","<iframe style=""border: none;"" src=""//html5-player.libsyn.com/embed/episode/id/16839944/height/90/theme/custom/thumbnail/yes/direction/backward/render-playlist/no/custom-color/0a1e39/"" width=""100%"" height=""90"" scrolling=""no"" allowfullscreen=""allowfullscreen""></iframe>"
672,"Episode 67: 3 Biggest Reasons Why Your Launch Flops","https://staging17.podcast.susanmcvea.com/3-biggest-reasons-why-your-launch-flops/","<iframe style=""border: none;"" src=""//html5-player.libsyn.com/embed/episode/id/16751168/height/90/theme/custom/thumbnail/yes/direction/backward/render-playlist/no/custom-color/0a1e39/"" width=""100%"" height=""90"" scrolling=""no"" allowfullscreen=""allowfullscreen""></iframe>"
673,"episode 67","","N/A"
665,"Episode 66: 3 Biggest Pricing Mistakes You May Not Know You're Making","https://staging17.podcast.susanmcvea.com/3-biggest-pricing-mistakes-you-may-not-know-youre-making/","<iframe style=""border: none;"" src=""//html5-player.libsyn.com/embed/episode/id/16663064/height/90/theme/custom/thumbnail/yes/direction/backward/render-playlist/no/custom-color/0a1e39/"" width=""100%"" height=""90"" scrolling=""no"" allowfullscreen=""allowfullscreen""></iframe>"
666,"episode 66","","N/A"
659,"Episode 65: 3 Reasons Why People Don't Buy","https://staging17.podcast.susanmcvea.com/3-reasons-why-people-dont-buy/","<iframe style=""border: none;"" src=""//html5-player.libsyn.com/embed/episode/id/16560590/height/90/theme/custom/thumbnail/yes/direction/backward/render-playlist/no/custom-color/0a1e39/"" width=""100%"" height=""90"" scrolling=""no"" allowfullscreen=""allowfullscreen""></iframe>"
660,"episode 65","","N/A"
651,"Episode 64: Holiday Sales Planning","https://staging17.podcast.susanmcvea.com/holiday-sales-planning/","<iframe style=""border: none;"" src=""//html5-player.libsyn.com/embed/episode/id/16471715/height/90/theme/custom/thumbnail/yes/direction/backward/render-playlist/no/custom-color/0a1e39/"" width=""100%"" height=""90"" scrolling=""no"" allowfullscreen=""allowfullscreen""></iframe>"
652,"Episode 64","","N/A"
638,"Episode 63: The Foundation For All Great Authentic Sales","https://staging17.podcast.susanmcvea.com/the-foundation-for-all-great-authentic-sales/","<iframe style=""border: none;"" src=""//html5-player.libsyn.com/embed/episode/id/16377848/height/90/theme/custom/thumbnail/yes/direction/backward/render-playlist/no/custom-color/0a1e39/"" width=""100%"" height=""90"" scrolling=""no"" allowfullscreen=""allowfullscreen""></iframe>"
639,"Episode 63","","N/A"
632,"Episode 62: A Simple Way To Sell That Captivates Attention","https://staging17.podcast.susanmcvea.com/a-simple-way-to-sell-that-captivates-attention/","<iframe style=""border: none;"" src=""//html5-player.libsyn.com/embed/episode/id/16289192/height/90/theme/custom/thumbnail/yes/direction/backward/render-playlist/no/custom-color/0a1e39/"" width=""100%"" height=""90"" scrolling=""no"" allowfullscreen=""allowfullscreen""></iframe>"
633,"Episode 62","","N/A"
626,"Episode 61: Becoming A Market Of One","https://staging17.podcast.susanmcvea.com/becoming-a-market-of-one/","<iframe style=""border: none;"" src=""//html5-player.libsyn.com/embed/episode/id/16197230/height/90/theme/custom/thumbnail/yes/direction/backward/render-playlist/no/custom-color/0a1e39/"" width=""100%"" height=""90"" scrolling=""no"" allowfullscreen=""allowfullscreen""></iframe>"
627,"Episode 61","","N/A"
620,"Episode 60: 3 Ways To Double Your Sales","https://staging17.podcast.susanmcvea.com/3-ways-to-double-your-sales/","<iframe style=""border: none;"" src=""//html5-player.libsyn.com/embed/episode/id/16107941/height/90/theme/custom/thumbnail/yes/direction/backward/render-playlist/no/custom-color/0a1e39/"" width=""100%"" height=""90"" scrolling=""no"" allowfullscreen=""allowfullscreen""></iframe>"
621,"episode 60","","N/A"
613,"Episode 59: The Critical Place Where Sales Happen","https://staging17.podcast.susanmcvea.com/the-critical-place-where-sales-happen/","<iframe style=""border: none;"" src=""//html5-player.libsyn.com/embed/episode/id/16015262/height/90/theme/custom/thumbnail/yes/direction/backward/render-playlist/no/custom-color/0a1e39/"" width=""100%"" height=""90"" scrolling=""no"" allowfullscreen=""allowfullscreen""></iframe>"
614,"Episode 59","","N/A"
606,"Episode 58: Selling to the Genders","https://staging17.podcast.susanmcvea.com/selling-to-the-genders/","<iframe style=""border: none;"" src=""//html5-player.libsyn.com/embed/episode/id/15921233/height/90/theme/custom/thumbnail/yes/direction/backward/render-playlist/no/custom-color/0a1e39/"" width=""100%"" height=""90"" scrolling=""no"" allowfullscreen=""allowfullscreen""></iframe>"
607,"Episode 58","","N/A"
599,"Episode 57: 3 Biggest Money Mistakes Business Owners Make","https://staging17.podcast.susanmcvea.com/3-biggest-money-mistakes-business-owners-make/","<iframe style=""border: none;"" src=""//html5-player.libsyn.com/embed/episode/id/15859052/height/90/theme/custom/thumbnail/yes/direction/backward/render-playlist/no/custom-color/0a1e39/"" width=""100%"" height=""90"" scrolling=""no"" allowfullscreen=""allowfullscreen""></iframe>"
600,"Episode 57","","N/A"
592,"Episode 56: The Thing That All The Best Sales People Have In Common","https://staging17.podcast.susanmcvea.com/the-thing-that-all-the-best-sales-people-have-in-common/","<iframe style=""border: none;"" src=""//html5-player.libsyn.com/embed/episode/id/15817643/height/90/theme/custom/thumbnail/yes/direction/backward/render-playlist/no/custom-color/0a1e39/"" width=""100%"" height=""90"" scrolling=""no"" allowfullscreen=""allowfullscreen""></iframe>"
593,"Episode 56","","N/A"
582,"Episode 55: The 5 Biggest Mistakes Most People Make When Selling on Social Media","https://staging17.podcast.susanmcvea.com/the-5-biggest-mistakes-most-people-make-when-selling-on-social-media/","<iframe style=""border: none;"" src=""//html5-player.libsyn.com/embed/episode/id/15715169/height/90/theme/custom/thumbnail/yes/direction/backward/render-playlist/no/custom-color/0a1e39/"" width=""100%"" height=""90"" scrolling=""no"" allowfullscreen=""allowfullscreen""></iframe>"
588,"Episode 55","","N/A"
577,"Episode 54: The Two Essential Things You Need To Make Sales In Your Business","https://staging17.podcast.susanmcvea.com/the-two-essential-things-you-need-to-make-sales-in-your-business/","<iframe style=""border: none"" src=""//html5-player.libsyn.com/embed/episode/id/15621542/height/90/theme/custom/thumbnail/yes/direction/backward/render-playlist/no/custom-color/0a1e39/"" height=""90"" width=""100%"" scrolling=""no"" allowfullscreen="""" webkitallowfullscreen="""" mozallowfullscreen="""" oallowfullscreen="""" msallowfullscreen=""""></iframe>"
575,"Episode 54","","N/A"
560,"Episode 53: The Difference Between Persistent & Pushy","https://staging17.podcast.susanmcvea.com/the-difference-between-persistent-pushy/","<iframe style=""border: none;"" src=""//html5-player.libsyn.com/embed/episode/id/15564044/height/90/theme/custom/thumbnail/yes/direction/backward/render-playlist/no/custom-color/0a1e39/"" width=""100%"" height=""90"" scrolling=""no"" allowfullscreen=""allowfullscreen""></iframe>"
562,"Episode 53: The Difference Between Persistent & Pushy","","N/A"
537,"Episode 52: The Toughest Sale You Will Ever Make","https://staging17.podcast.susanmcvea.com/the-toughest-sale-you-will-ever-make/","<iframe style=""border: none;"" src=""//html5-player.libsyn.com/embed/episode/id/15084695/height/90/theme/custom/thumbnail/yes/direction/backward/render-playlist/no/custom-color/0a1e39/"" width=""100%"" height=""90"" scrolling=""no"" allowfullscreen=""allowfullscreen""></iframe>"
542,"Episode 51: Top 7 Lessons I Learned Since Starting My Business","https://staging17.podcast.susanmcvea.com/top-7-lessons-i-learned-since-starting-my-business/","<iframe style=""border: none;"" src=""//html5-player.libsyn.com/embed/episode/id/15103772/height/90/theme/custom/thumbnail/yes/direction/backward/render-playlist/no/custom-color/0a1e39/"" width=""100%"" height=""90"" scrolling=""no"" allowfullscreen=""allowfullscreen""></iframe>"
548,"Episode 50: What I'd Do Differently Starting Over Again","https://staging17.podcast.susanmcvea.com/what-id-do-differently-starting-over-again/","<iframe style=""border: none;"" src=""//html5-player.libsyn.com/embed/episode/id/15119774/height/90/theme/custom/thumbnail/yes/direction/backward/render-playlist/no/custom-color/0a1e39/"" width=""100%"" height=""90"" scrolling=""no"" allowfullscreen=""allowfullscreen""></iframe>"
528,"Episode 49: Why More Leads Won't Solve Your Sales Problem","https://staging17.podcast.susanmcvea.com/high-or-low-ticket-offers-the-million-dollar-question-of-what-price-to-sell-2/","<iframe style=""border: none;"" src=""//html5-player.libsyn.com/embed/episode/id/14965895/height/90/theme/custom/thumbnail/yes/direction/backward/render-playlist/no/custom-color/042b44/"" width=""100%"" height=""90"" scrolling=""no"" allowfullscreen=""allowfullscreen""></iframe>"
550,"Episode 50","","N/A"
531,"Episode 48: High Or Low Ticket Offers? The Million Dollar Question Of What Price To Sell.","https://staging17.podcast.susanmcvea.com/high-or-low-ticket-offers-the-million-dollar-question-of-what-price-to-sell/","<iframe style=""border: none"" src=""//html5-player.libsyn.com/embed/episode/id/14965862/height/90/theme/custom/thumbnail/yes/direction/backward/render-playlist/no/custom-color/042b44/"" height=""90"" width=""100%"" scrolling=""no"" allowfullscreen webkitallowfullscreen mozallowfullscreen oallowfullscreen msallowfullscreen></iframe>"
546,"Episode 51 Graphic Template","","N/A"
539,"TEMPLATE Podcast Episode Graphics","","N/A"
534,"Why More Leads Won't Solve Your Sales Problem","","N/A"
529,"High Or Low Ticket Offers? The Million Dollar Question Of What Price To Sell.","","N/A"
516,"Episode 47: Why Diversity, Equity And Inclusion Matters Even More So In Your Business Right Now","https://staging17.podcast.susanmcvea.com/why-diversity-equity-and-inclusion-matters-even-more-so-in-your-business-right-now/","<iframe style=""border: none;"" src=""//html5-player.libsyn.com/embed/episode/id/14965832/height/90/theme/custom/thumbnail/yes/direction/backward/render-playlist/no/custom-color/042b44/"" width=""100%"" height=""90"" scrolling=""no"" allowfullscreen=""allowfullscreen""></iframe>"
521,"6-Figure-Blueprint","","N/A"
520,"5-Secrets-To-Yes","","N/A"
519,"Pricing-Objections","","N/A"
518,"1","","N/A"
511,"Episode 46: 5 Industries To Watch In 2020 And Beyond","https://staging17.podcast.susanmcvea.com/5-industries-to-watch-in-2020-and-beyond/","<iframe style=""border: none;"" src=""//html5-player.libsyn.com/embed/episode/id/14931821/height/90/theme/custom/thumbnail/yes/direction/backward/render-playlist/no/custom-color/0a1e39/"" width=""100%"" height=""90"" scrolling=""no"" allowfullscreen=""allowfullscreen""></iframe>"
512,"Episode 46","","N/A"
505,"Episode 45: What Your Prospects Are REALLY Buying","https://staging17.podcast.susanmcvea.com/what-your-prospects-are-really-buying/","<iframe style=""border: none"" src=""//html5-player.libsyn.com/embed/episode/id/14841173/height/90/theme/custom/thumbnail/no/direction/backward/render-playlist/no/custom-color/000000/"" height=""90"" width=""100%"" scrolling=""no""  allowfullscreen webkitallowfullscreen mozallowfullscreen oallowfullscreen msallowfullscreen></iframe>"
508,"Susan McVea - Ep45 Graphic","","N/A"
501,"Episode 44: Why Integrity Is An Effective, Non-Sleazy Sales Strategy","https://staging17.podcast.susanmcvea.com/why-integrity-is-an-effective-non-sleazy-sales-strategy/","<iframe style=""border: none;"" src=""//html5-player.libsyn.com/embed/episode/id/14524583/height/90/theme/custom/thumbnail/yes/direction/backward/render-playlist/no/custom-color/0a1e39/"" width=""100%"" height=""90"" scrolling=""no"" allowfullscreen=""allowfullscreen""></iframe>"
497,"Episode 43: To Sell or Not To Sell","https://staging17.podcast.susanmcvea.com/to-sell-or-not-to-sell/","<iframe style=""border: none;"" src=""//html5-player.libsyn.com/embed/episode/id/14524553/height/90/theme/custom/thumbnail/yes/direction/backward/render-playlist/no/custom-color/0a1e39/"" width=""100%"" height=""90"" scrolling=""no"" allowfullscreen=""allowfullscreen""></iframe>"
493,"Episode 42: The Key To Closing Deals Faster","https://staging17.podcast.susanmcvea.com/the-key-to-closing-deals-faster/","<iframe style=""border: none;"" src=""//html5-player.libsyn.com/embed/episode/id/14524538/height/90/theme/custom/thumbnail/yes/direction/backward/render-playlist/no/custom-color/0a1e39/"" width=""100%"" height=""90"" scrolling=""no"" allowfullscreen=""allowfullscreen""></iframe>"
502,"Susan McVea - Ep44 Graphic","","N/A"
499,"Susan McVea - Ep43 Graphic","","N/A"
495,"Susan McVea - Ep42 Graphic","","N/A"
477,"Episode 41: How To Create Fast Cash Infusions For Your Business","https://staging17.podcast.susanmcvea.com/how-to-create-fast-cash-infusions-for-your-business/","<iframe style=""border: none;"" src=""//html5-player.libsyn.com/embed/episode/id/14476784/height/90/theme/custom/thumbnail/yes/direction/backward/render-playlist/no/custom-color/0a1e39/"" width=""100%"" height=""90"" scrolling=""no"" allowfullscreen=""allowfullscreen""></iframe>"
480,"How To Create Fast Cash Infusions For Your Business","","N/A"
470,"Episode 40: The Critical Business Skills You Need In A Bear Market To Build Longevity Into Your Business","https://staging17.podcast.susanmcvea.com/the-critical-business-skills-you-need-in-a-bear-market-to-build-longevity-into-your-business/","<iframe style=""border: none;"" src=""//html5-player.libsyn.com/embed/episode/id/14334731/height/90/theme/custom/thumbnail/yes/direction/backward/render-playlist/no/custom-color/0a1e39/"" width=""100%"" height=""90"" scrolling=""no"" allowfullscreen=""allowfullscreen""></iframe>"
475,"Susan McVea - Ep40 Graphic (1)","","N/A"
469,"Susan McVea - Ep40 Graphic","","N/A"
466,"TEMPLATE Podcast Episode Graphics (1)","","N/A"
458,"Episode 39: How To Pivot Your Business Successfully & Attract A New Audience","https://staging17.podcast.susanmcvea.com/how-to-pivot-your-business-successfully-attract-a-new-audience/","<iframe style=""border: none"" src=""//html5-player.libsyn.com/embed/episode/id/14287862/height/90/theme/custom/thumbnail/yes/direction/backward/render-playlist/no/custom-color/0a1e39/"" height=""90"" width=""100%"" scrolling=""no""  allowfullscreen webkitallowfullscreen mozallowfullscreen oallowfullscreen msallowfullscreen></iframe>"
460,"Susan McVea - Ep39 Graphic","","N/A"
453,"Episode 38: 5 Minutes To Save A $200K Sale","https://staging17.podcast.susanmcvea.com/5-minutes-to-save-a-200k-sale/","<iframe style=""border: none;"" src=""//html5-player.libsyn.com/embed/episode/id/14175587/height/90/theme/custom/thumbnail/yes/direction/backward/render-playlist/no/custom-color/0a1e39/"" width=""100%"" height=""90"" scrolling=""no"" allowfullscreen=""allowfullscreen""></iframe>"
457,"TEMPLATE Podcast Episode Graphics","","N/A"
446,"Episode 37: Interview with Ebony Williams: Making More Sales As A Thyroid Health Coach Even Now During Times Of Crisis","https://staging17.podcast.susanmcvea.com/interview-with-ross-johnson-from-broke-to-seven-figures-in-four-years-2/","<iframe style=""border: none;"" src=""//html5-player.libsyn.com/embed/episode/id/14063861/height/90/theme/custom/thumbnail/yes/direction/backward/render-playlist/no/custom-color/0a1e39/"" width=""100%"" height=""90"" scrolling=""no"" allowfullscreen=""allowfullscreen""></iframe>"
447,"Episode-37","","N/A"
439,"Episode 36: Interview with Ross Johnson. From Broke To Seven Figures In Four Years","https://staging17.podcast.susanmcvea.com/interview-with-ross-johnson-from-broke-to-seven-figures-in-four-years/","<iframe style=""border: none;"" src=""//html5-player.libsyn.com/embed/episode/id/13933121/height/90/theme/custom/thumbnail/yes/direction/backward/render-playlist/no/custom-color/0a1e39/"" width=""100%"" height=""90"" scrolling=""no"" allowfullscreen=""allowfullscreen""></iframe>"
440,"Episode 36","","N/A"
431,"Episode 35: The Sales Lessons From Peloton","https://staging17.podcast.susanmcvea.com/the-sales-lessons-from-peloton/","<iframe style=""border: none;"" src=""//html5-player.libsyn.com/embed/episode/id/13788317/height/90/theme/custom/thumbnail/yes/direction/backward/render-playlist/no/custom-color/042b44/"" width=""100%"" height=""90"" scrolling=""no"" allowfullscreen=""allowfullscreen""></iframe>"
432,"MSG Episode 35","","N/A"
417,"Episode 34: The 3 Types Of Relationship Currencies You Need To Win At Sales","https://staging17.podcast.susanmcvea.com/the-dealbreaker-in-all-sales-2/","<iframe style=""border: none;"" src=""//html5-player.libsyn.com/embed/episode/id/13655597/height/90/theme/custom/thumbnail/yes/direction/backward/render-playlist/no/custom-color/0a1e39/"" width=""100%"" height=""90"" scrolling=""no"" allowfullscreen=""allowfullscreen""></iframe>"
420,"Episode 33: 7 Keys To Recession Proof Your Business","https://staging17.podcast.susanmcvea.com/7-keys-to-recession-proof-your-business/","<iframe style=""border: none;"" src=""//html5-player.libsyn.com/embed/episode/id/13680470/height/90/theme/custom/thumbnail/yes/direction/backward/render-playlist/no/custom-color/042b44/"" width=""100%"" height=""90"" scrolling=""no"" allowfullscreen=""allowfullscreen""></iframe>"
422,"TEMPLATE Podcast Episode Graphics","","N/A"
411,"Episode 32: The Dealbreaker In All Sales","https://staging17.podcast.susanmcvea.com/the-dealbreaker-in-all-sales/","<iframe style=""border: none;"" src=""//html5-player.libsyn.com/embed/episode/id/13501073/height/90/theme/custom/thumbnail/yes/direction/backward/render-playlist/no/custom-color/0a1e39/"" width=""100%"" height=""90"" scrolling=""no"" allowfullscreen=""allowfullscreen""></iframe>"
419,"Ep_34","","N/A"
407,"Episode 31: Know, Like & Trust. What It Actually Means For Your Sales.","https://staging17.podcast.susanmcvea.com/know-like-trust-what-it-actually-means-for-your-sales/","<iframe style=""border: none;"" src=""//html5-player.libsyn.com/embed/episode/id/13384418/height/90/theme/custom/thumbnail/yes/direction/backward/render-playlist/no/custom-color/0a1e39/"" width=""100%"" height=""90"" scrolling=""no"" allowfullscreen=""allowfullscreen""></iframe>"
413,"Ep_32","","N/A"
402,"Episode 30: Why Telling In Your Sales Is The #1 Reason Why You Are Not Selling","https://staging17.podcast.susanmcvea.com/why-telling-in-your-sales-is-the-number-1-reason-why-you-are-not-selling/","<iframe style=""border: none;"" src=""//html5-player.libsyn.com/embed/episode/id/13383320/height/90/theme/custom/thumbnail/yes/direction/backward/render-playlist/no/custom-color/0a1e39/"" width=""100%"" height=""90"" scrolling=""no"" allowfullscreen=""allowfullscreen""></iframe>"
396,"Episode 29: What's The Value Of Your Offer? (How To Price With Confidence)","https://staging17.podcast.susanmcvea.com/whats-the-value-of-your-offer/","<iframe style=""border: none;"" src=""//html5-player.libsyn.com/embed/episode/id/13306940/height/90/theme/custom/thumbnail/yes/direction/backward/render-playlist/no/custom-color/0a1e39/"" width=""100%"" height=""90"" scrolling=""no"" allowfullscreen=""allowfullscreen""></iframe>"
408,"Ep_31","","N/A"
403,"Ep_30","","N/A"
400,"Ep29_","","N/A"
398,"S1 Ep29","","N/A"
391,"Episode 28: How To Use Video To Build Relationships And Get Fully Booked","https://staging17.podcast.susanmcvea.com/how-to-use-video-to-build-relationships-and-get-fully-booked/","<iframe style=""border: none"" src=""//html5-player.libsyn.com/embed/episode/id/13275560/height/90/theme/custom/thumbnail/yes/direction/backward/render-playlist/no/custom-color/0a1e39/"" height=""90"" width=""100%"" scrolling=""no"" allowfullscreen webkitallowfullscreen mozallowfullscreen oallowfullscreen msallowfullscreen></iframe>"
393,"S1Ep28","","N/A"
389,"S1 Ep27","","N/A"
384,"Episode 27: Why You’re Not Converting Your Free Calls (Simple Shifts You Can Make To Increase Your Conversion Rates)","https://staging17.podcast.susanmcvea.com/why-youre-not-converting-your-free-calls/","<iframe style=""border: none;"" src=""//html5-player.libsyn.com/embed/episode/id/13181213/height/90/theme/custom/thumbnail/yes/direction/backward/render-playlist/no/custom-color/0a1e39/"" width=""100%"" height=""90"" scrolling=""no"" allowfullscreen=""allowfullscreen""></iframe>"
386,"S1_Ep27","","N/A"
377,"Episode 26: The 3 Phases Of Your Customer's Buying Journey (What You Need To Know To Increase Sales)","https://staging17.podcast.susanmcvea.com/the-3-phases-of-your-customers-buying-journey-what-you-need-to-know-to-increase-sales/","<iframe style=""border: none;"" src=""//html5-player.libsyn.com/embed/episode/id/12912383/height/90/theme/custom/thumbnail/yes/direction/backward/render-playlist/no/custom-color/0a1e39/"" width=""100%"" height=""90"" scrolling=""no"" allowfullscreen=""allowfullscreen""></iframe>"
369,"Episode 25: 5 Ways To Build Your Know, Like And Trust That Brings In Sales","https://staging17.podcast.susanmcvea.com/5-ways-to-build-your-know-like-and-trust-that-brings-in-sales/","<iframe style=""border: none;"" src=""//html5-player.libsyn.com/embed/episode/id/12820490/height/90/theme/custom/thumbnail/yes/direction/backward/render-playlist/no/custom-color/0a1e39/"" width=""100%"" height=""90"" scrolling=""no"" allowfullscreen=""allowfullscreen""></iframe>"
365,"Episode 24: 7 Ways You Might Be Sabotaging Your Sales Success","https://staging17.podcast.susanmcvea.com/7-ways-you-might-be-sabotaging-your-sales-success/","<iframe style=""border: none;"" src=""//html5-player.libsyn.com/embed/episode/id/12819887/height/90/theme/custom/thumbnail/yes/direction/backward/render-playlist/no/custom-color/0a1e39/"" width=""100%"" height=""90"" scrolling=""no"" allowfullscreen=""allowfullscreen""></iframe>"
381,"Ep26","","N/A"
379,"Ep26","","N/A"
360,"Episode 23: How to Network Online Using Social Media Without Being Spammy","https://staging17.podcast.susanmcvea.com/how-to-network-online-using-social-media-without-being-spammy/","<iframe style=""border: none;"" src=""//html5-player.libsyn.com/embed/episode/id/12777524/height/90/theme/custom/thumbnail/yes/direction/backward/render-playlist/no/custom-color/0a1e39/"" width=""100%"" height=""90"" scrolling=""no"" allowfullscreen=""allowfullscreen""></iframe>"
372,"Ep25","","N/A"
371,"Ep25","","N/A"
367,"Ep24","","N/A"
362,"Ep23","","N/A"
352,"Episode 22: The Most Important Questions About Your Clients You're Not Asking","https://staging17.podcast.susanmcvea.com/the-most-important-questions-about-your-clients-youre-not-asking/","N/A"
348,"Episode 21: Top 3 Sales Trends For 2020 To Increase Your Revenue","https://staging17.podcast.susanmcvea.com/top-3-sales-trends-for-2020-to-increase-your-revenue/","<iframe style=""border: none;"" src=""//html5-player.libsyn.com/embed/episode/id/12617768/height/90/theme/custom/thumbnail/yes/direction/backward/render-playlist/no/custom-color/0a1e39/"" width=""100%"" height=""90"" scrolling=""no"" allowfullscreen=""allowfullscreen""></iframe>"
354,"EP-22","","N/A"
350,"EP-21","","N/A"
342,"Episode 20: How To Overcome The Biggest Objections When Selling","https://staging17.podcast.susanmcvea.com/how-to-overcome-the-biggest-objections-when-selling/","<iframe style=""border: none;"" src=""//html5-player.libsyn.com/embed/episode/id/12560855/height/90/theme/custom/thumbnail/yes/direction/backward/render-playlist/no/custom-color/0a1e39/"" width=""100%"" height=""90"" scrolling=""no"" allowfullscreen=""allowfullscreen""></iframe>"
344,"EP-20","","N/A"
337,"Episode 19: How To Make Sure Your Free Offers Help Boost Your Sales Results","https://staging17.podcast.susanmcvea.com/how-to-make-sure-your-free-offers-help-boost-your-sales-results/","<iframe style=""border: none;"" src=""//html5-player.libsyn.com/embed/episode/id/12438104/height/90/theme/custom/thumbnail/yes/direction/backward/render-playlist/no/custom-color/0a1e39/"" width=""100%"" height=""90"" scrolling=""no"" allowfullscreen=""allowfullscreen""></iframe>"
339,"Episode 19","","N/A"
332,"Episode 18: The 3 Things That Stop You From Closing High-Ticket Sales","https://staging17.podcast.susanmcvea.com/the-3-things-that-stop-you-from-closing-high-ticket-sales/","<iframe style=""border: none;"" src=""//html5-player.libsyn.com/embed/episode/id/12338270/height/90/theme/custom/thumbnail/yes/direction/backward/render-playlist/no/custom-color/0a1e39/"" width=""100%"" height=""90"" scrolling=""no"" allowfullscreen=""allowfullscreen""></iframe>"
334,"Ep-18","","N/A"
328,"Episode 17: Why Lead Generation Is A Sales Problem","https://staging17.podcast.susanmcvea.com/why-lead-generation-is-a-sales-problem/","<iframe style=""border: none;"" src=""//html5-player.libsyn.com/embed/episode/id/12338270/height/90/theme/custom/thumbnail/yes/direction/backward/render-playlist/no/custom-color/0a1e39/"" width=""100%"" height=""90"" scrolling=""no"" allowfullscreen=""allowfullscreen""></iframe>"
329,"Ep-17","","N/A"
324,"Episode 16: The Two Critical Pieces You Need To Sell Successfully","https://staging17.podcast.susanmcvea.com/the-two-critical-pieces-you-need-to-sell-successfully/","<iframe style=""border: none;"" src=""//html5-player.libsyn.com/embed/episode/id/12257225/height/90/theme/custom/thumbnail/yes/direction/backward/render-playlist/no/custom-color/081d3c/"" width=""100%"" height=""90"" scrolling=""no"" allowfullscreen=""allowfullscreen""></iframe>"
325,"EP-16","","N/A"
322,"Susan Podcast Episode Graphics","","N/A"
319,"Episode 15: The Sales Mindset You Need To Win","https://staging17.podcast.susanmcvea.com/the-sales-mindset-you-need-to-win/","<iframe style=""border: none;"" src=""//html5-player.libsyn.com/embed/episode/id/12176690/height/90/theme/custom/thumbnail/yes/direction/backward/render-playlist/no/custom-color/e1be63/"" width=""100%"" height=""90"" scrolling=""no"" allowfullscreen=""allowfullscreen""></iframe>"
318,"Susan Podcast Episode Graphics","","N/A"
316,"Episode 14: The Most Important Part of Your Sales Process And What It Means For Long-Term Business Growth","https://staging17.podcast.susanmcvea.com/the-most-important-part-of-your-sales-process-and-what-it-means-for-long-term-business-growth/","<iframe style=""border: none;"" src=""//html5-player.libsyn.com/embed/episode/id/12087815/height/90/theme/custom/thumbnail/yes/direction/backward/render-playlist/no/custom-color/081d3c/"" width=""100%"" height=""90"" scrolling=""no"" allowfullscreen=""allowfullscreen""></iframe>"
312,"Episode 13: How To Charge More With High Ticket Offers Using Value Based Selling","https://staging17.podcast.susanmcvea.com/how-to-charge-more-with-high-ticket-offers-using-value-based-selling/","<iframe style=""border: none;"" src=""//html5-player.libsyn.com/embed/episode/id/11995760/height/90/theme/custom/thumbnail/yes/direction/backward/render-playlist/no/custom-color/081d3c/"" width=""100%"" height=""90"" scrolling=""no"" allowfullscreen=""allowfullscreen""></iframe>"
313,"Susan Podcast Episode Graphics (1)","","N/A"
304,"Susan Podcast Episode Graphics","","N/A"
299,"Episode 12: Consultative vs. Transactional Selling","https://staging17.podcast.susanmcvea.com/consultative-vs-transactional-selling/","<iframe style=""border: none;"" src=""//html5-player.libsyn.com/embed/episode/id/11906552/height/90/theme/custom/thumbnail/yes/direction/backward/render-playlist/no/custom-color/081d3c/"" width=""100%"" height=""90"" scrolling=""no"" allowfullscreen=""allowfullscreen""></iframe>"
297,"Susan Podcast Episode Graphics (1)","","N/A"
294,"Episode 11: Self-Care = Better Sales Results ","https://staging17.podcast.susanmcvea.com/self-care-better-sales-results/","<iframe style=""border: none"" src=""//html5-player.libsyn.com/embed/episode/id/11816858/height/90/theme/custom/thumbnail/yes/direction/backward/render-playlist/no/custom-color/081d3c/"" height=""90"" width=""100%"" scrolling=""no""  allowfullscreen webkitallowfullscreen mozallowfullscreen oallowfullscreen msallowfullscreen></iframe>"
287,"Susan Podcast Episode Graphics","","N/A"
286,"Susan Podcast Episode Graphics","","N/A"
283,"Episode 10: Mastering The 7 Critical Steps Of Your Sales Process","https://staging17.podcast.susanmcvea.com/mastering-the-7-critical-steps-of-your-sales-process/","<iframe style=""border: none;"" src=""//html5-player.libsyn.com/embed/episode/id/11699507/height/90/theme/custom/thumbnail/yes/direction/backward/render-playlist/no/custom-color/0a1e39/"" width=""100%"" height=""90"" scrolling=""no"" allowfullscreen=""allowfullscreen""></iframe>"
282,"white","","N/A"
278,"Episode 9: What The Best Sellers Do Differently From The Average","https://staging17.podcast.susanmcvea.com/what-the-best-sellers-do-differently-from-the-average/","<iframe style=""border: none;"" src=""//html5-player.libsyn.com/embed/episode/id/11612957/height/90/theme/custom/thumbnail/yes/direction/backward/render-playlist/no/custom-color/081d3c/"" width=""100%"" height=""90"" scrolling=""no"" allowfullscreen=""allowfullscreen""></iframe>"
276,"9","","N/A"
274,"8","","N/A"
270,"Episode 8: Why Buyers Say No & How To Hear A Yes!","https://staging17.podcast.susanmcvea.com/why-buyers-say-no-how-to-hear-a-yes/","<iframe style=""border: none;"" src=""//html5-player.libsyn.com/embed/episode/id/11507525/height/90/theme/custom/thumbnail/yes/direction/backward/render-playlist/no/custom-color/081d3c/"" width=""100%"" height=""90"" scrolling=""no"" allowfullscreen=""allowfullscreen""></iframe>"
261,"Susan Podcast Episode Graphics","","N/A"
258,"Episode 7: You Don't Need To Give Discounts To Get The Deal","https://staging17.podcast.susanmcvea.com/you-dont-need-to-give-discounts-to-get-the-deal/","<iframe style=""border: none;"" src=""//html5-player.libsyn.com/embed/episode/id/11423615/height/90/theme/custom/thumbnail/yes/direction/backward/render-playlist/no/custom-color/081d3c/"" width=""100%"" height=""90"" scrolling=""no"" allowfullscreen=""allowfullscreen""></iframe>"
256,"6","","N/A"
255,"5","","N/A"
252,"Episode 6: My Key Takeaways On Selling With Ease","https://staging17.podcast.susanmcvea.com/my-key-takeaways-on-selling-with-ease/","<iframe style=""border: none"" src=""//html5-player.libsyn.com/embed/episode/id/11307272/height/90/theme/custom/thumbnail/yes/direction/backward/render-playlist/no/custom-color/081d3c/"" height=""90"" width=""100%"" scrolling=""no""  allowfullscreen webkitallowfullscreen mozallowfullscreen oallowfullscreen msallowfullscreen></iframe>"
248,"Episode 5: How I Hit 6-Figures in 6 Months","https://staging17.podcast.susanmcvea.com/how-i-hit-6-figures-in-6-months/","<iframe style=""border: none"" src=""//html5-player.libsyn.com/embed/episode/id/11231825/height/90/theme/custom/thumbnail/yes/direction/backward/render-playlist/no/custom-color/081d3c/"" height=""90"" width=""100%"" scrolling=""no""  allowfullscreen webkitallowfullscreen mozallowfullscreen oallowfullscreen msallowfullscreen></iframe>"
243,"4","","N/A"
240,"Episode 4: Why You Can Sell Really Well As An Introvert","https://staging17.podcast.susanmcvea.com/why-you-can-sell-really-well-as-an-introvert/","<iframe style=""border: none"" src=""//html5-player.libsyn.com/embed/episode/id/11217827/height/90/theme/custom/thumbnail/yes/direction/backward/render-playlist/no/custom-color/0a1e39/"" height=""90"" width=""100%"" scrolling=""no""  allowfullscreen webkitallowfullscreen mozallowfullscreen oallowfullscreen msallowfullscreen></iframe>"
238,"Episode 3: My Story: From over 600 Million in Corporate Sales to a 6-Figure Business","https://staging17.podcast.susanmcvea.com/episode-3-my-story-from-over-600-million-in-corporate-sales-to-a-6-figure-business/","<iframe style=""border: none;"" src=""//html5-player.libsyn.com/embed/episode/id/11216552/height/90/theme/custom/thumbnail/yes/direction/backward/render-playlist/no/custom-color/0a1e39/"" width=""100%"" height=""90"" scrolling=""no"" allowfullscreen=""allowfullscreen""></iframe>"
236,"Episode 2: How to Handle Pricing Objections With Ease","https://staging17.podcast.susanmcvea.com/episode-2-how-to-handle-pricing-objections-with-ease/","<iframe style=""border: none;"" src=""//html5-player.libsyn.com/embed/episode/id/11204078/height/90/theme/custom/thumbnail/yes/direction/backward/render-playlist/no/custom-color/0a1e39/"" width=""100%"" height=""90"" scrolling=""no"" allowfullscreen=""allowfullscreen""></iframe>"
227,"Episode 1: Welcome to Master The Sales Game Podcast!","https://staging17.podcast.susanmcvea.com/episode-1-welcome-to-master-the-sales-game-podcast/","<iframe style=""border: none;"" src=""//html5-player.libsyn.com/embed/episode/id/10638161/height/90/theme/custom/thumbnail/yes/direction/backward/render-playlist/no/custom-color/0a1e39/"" width=""100%"" height=""90"" scrolling=""no"" allowfullscreen=""allowfullscreen""></iframe>"
223,"3","","N/A"
222,"2","","N/A"
221,"1","","N/A"
218,"Susan Podcast Page Header (2)","","N/A"
215,"3","","N/A"
213,"2","","N/A"
210,"3","","N/A"
209,"2","","N/A"
208,"1","","N/A"
204,"Susan Podcast Page Header","","N/A"
194,"Susan Podcast Page Header","","N/A"
186,"ASK RACHEL (1)","","N/A"
185,"PodcastCoverArtFinal_Master of Sales","","N/A"
184,"tune-in","","N/A"
172,"Podcast - Ask","","N/A"
165,"Ask","","N/A"
132,"10","","N/A"
131,"9","","N/A"
130,"8","","N/A"
97,"Ep 3","","N/A"
96,"Ep 2","","N/A"
95,"Ep 1","","N/A"
91,"Google Podcast","","N/A"
90,"Tune In","","N/A"
89,"Spotify","","N/A"
88,"Stitcher","","N/A"
87,"Apple Podcast","","N/A"
86,"Google Play Music","","N/A"
80,"7","","N/A"
79,"9","","N/A"
78,"stitcher-logo-cover-1024x373","","N/A"
77,"en_badge_web_music","","N/A"
76,"Listen-on-Apple-Podcasts-badge","","N/A"
75,"9857041155300724480","","N/A"
74,"Shot1-1567","","N/A"
73,"8","","N/A"
72,"6","","N/A"
38,"Home","","N/A"
40,"podcast-04","","N/A"
22,"logo_01","","N/A"
17,"podcast-07","","N/A"
18,"logo_04","","N/A"
19,"logo_06","","N/A"
20,"logo_02","","N/A"
21,"logo_05","","N/A"
15,"portrait-square-12","","N/A"
16,"portrait-square-05","","N/A"
14,"podcast-03","","N/A"
13,"podcast-02-1","","N/A"
12,"podcast-01","","N/A"
3,"Privacy Policy","","N/A"
