title,published_on,link,iframe
How to Make More Money Efficiently With Your Customer Service,"Published on Tue, 27 Dec 2022 17:00:00 +0000",/shows/edb1ac3c-440b-4633-ace3-4abc3b29eb9e/ep/b243915f-7bce-45ff-8856-834ceee20001,"<script async defer onload=""redcircleIframe();"" src=""https://api.podcache.net/embedded-player/sh/b243915f-7bce-45ff-8856-834ceee20001""></script>
<div class=""redcirclePlayer-b243915f-7bce-45ff-8856-834ceee20001""></div>
<style>
.redcircle-link:link {
    color: #ea404d;
    text-decoration: none;
}
.redcircle-link:hover {
    color: #ea404d;
}
.redcircle-link:active {
    color: #ea404d;
}
.redcircle-link:visited {
    color: #ea404d;
}
</style>
<p style=""margin-top:3px;margin-left:11px;font-family: sans-serif;font-size: 10px; color: gray;"">Powered by <a class=""redcircle-link"" href=""https://redcircle.com?utm_source=rc_embedded_player&utm_medium=web&utm_campaign=embedded_v1"">RedCircle</a></p>"
How to Get Paid More Today and Generate Consistent Income with the Sales Game,"Published on Tue, 20 Dec 2022 17:00:00 +0000",/shows/edb1ac3c-440b-4633-ace3-4abc3b29eb9e/ep/c2e42978-d6c5-4391-a88e-7c1ff58673c7,"<script async defer onload=""redcircleIframe();"" src=""https://api.podcache.net/embedded-player/sh/c2e42978-d6c5-4391-a88e-7c1ff58673c7""></script>
<div class=""redcirclePlayer-c2e42978-d6c5-4391-a88e-7c1ff58673c7""></div>
<style>
.redcircle-link:link {
    color: #ea404d;
    text-decoration: none;
}
.redcircle-link:hover {
    color: #ea404d;
}
.redcircle-link:active {
    color: #ea404d;
}
.redcircle-link:visited {
    color: #ea404d;
}
</style>
<p style=""margin-top:3px;margin-left:11px;font-family: sans-serif;font-size: 10px; color: gray;"">Powered by <a class=""redcircle-link"" href=""https://redcircle.com?utm_source=rc_embedded_player&utm_medium=web&utm_campaign=embedded_v1"">RedCircle</a></p>"
The Secret to Create More Opportunity to Make Money and Conquer Paying Customers,"Published on Tue, 13 Dec 2022 23:10:00 +0000",/shows/edb1ac3c-440b-4633-ace3-4abc3b29eb9e/ep/b106d433-0e24-4d0b-b26d-ca6cc84a8713,"<script async defer onload=""redcircleIframe();"" src=""https://api.podcache.net/embedded-player/sh/b106d433-0e24-4d0b-b26d-ca6cc84a8713""></script>
<div class=""redcirclePlayer-b106d433-0e24-4d0b-b26d-ca6cc84a8713""></div>
<style>
.redcircle-link:link {
    color: #ea404d;
    text-decoration: none;
}
.redcircle-link:hover {
    color: #ea404d;
}
.redcircle-link:active {
    color: #ea404d;
}
.redcircle-link:visited {
    color: #ea404d;
}
</style>
<p style=""margin-top:3px;margin-left:11px;font-family: sans-serif;font-size: 10px; color: gray;"">Powered by <a class=""redcircle-link"" href=""https://redcircle.com?utm_source=rc_embedded_player&utm_medium=web&utm_campaign=embedded_v1"">RedCircle</a></p>"
How Empathy and Psychology Knowledge Will Help You Master the Sales Game.,"Published on Sat, 17 Sep 2022 22:08:53 +0000",/shows/edb1ac3c-440b-4633-ace3-4abc3b29eb9e/ep/e9422750-0032-4c69-b24e-588914cad792,"<script async defer onload=""redcircleIframe();"" src=""https://api.podcache.net/embedded-player/sh/e9422750-0032-4c69-b24e-588914cad792""></script>
<div class=""redcirclePlayer-e9422750-0032-4c69-b24e-588914cad792""></div>
<style>
.redcircle-link:link {
    color: #ea404d;
    text-decoration: none;
}
.redcircle-link:hover {
    color: #ea404d;
}
.redcircle-link:active {
    color: #ea404d;
}
.redcircle-link:visited {
    color: #ea404d;
}
</style>
<p style=""margin-top:3px;margin-left:11px;font-family: sans-serif;font-size: 10px; color: gray;"">Powered by <a class=""redcircle-link"" href=""https://redcircle.com?utm_source=rc_embedded_player&utm_medium=web&utm_campaign=embedded_v1"">RedCircle</a></p>"
All You Need to Know About Leads,"Published on Tue, 23 Aug 2022 15:10:34 +0000",/shows/edb1ac3c-440b-4633-ace3-4abc3b29eb9e/ep/833e5515-6d70-4dd2-a3de-31376224dfd7,"<script async defer onload=""redcircleIframe();"" src=""https://api.podcache.net/embedded-player/sh/833e5515-6d70-4dd2-a3de-31376224dfd7""></script>
<div class=""redcirclePlayer-833e5515-6d70-4dd2-a3de-31376224dfd7""></div>
<style>
.redcircle-link:link {
    color: #ea404d;
    text-decoration: none;
}
.redcircle-link:hover {
    color: #ea404d;
}
.redcircle-link:active {
    color: #ea404d;
}
.redcircle-link:visited {
    color: #ea404d;
}
</style>
<p style=""margin-top:3px;margin-left:11px;font-family: sans-serif;font-size: 10px; color: gray;"">Powered by <a class=""redcircle-link"" href=""https://redcircle.com?utm_source=rc_embedded_player&utm_medium=web&utm_campaign=embedded_v1"">RedCircle</a></p>"
How to develop a Sales person Mindset,"Published on Wed, 10 Aug 2022 23:06:29 +0000",/shows/edb1ac3c-440b-4633-ace3-4abc3b29eb9e/ep/384cf153-f73d-48ab-8448-43182a4ab0ed,"<script async defer onload=""redcircleIframe();"" src=""https://api.podcache.net/embedded-player/sh/384cf153-f73d-48ab-8448-43182a4ab0ed""></script>
<div class=""redcirclePlayer-384cf153-f73d-48ab-8448-43182a4ab0ed""></div>
<style>
.redcircle-link:link {
    color: #ea404d;
    text-decoration: none;
}
.redcircle-link:hover {
    color: #ea404d;
}
.redcircle-link:active {
    color: #ea404d;
}
.redcircle-link:visited {
    color: #ea404d;
}
</style>
<p style=""margin-top:3px;margin-left:11px;font-family: sans-serif;font-size: 10px; color: gray;"">Powered by <a class=""redcircle-link"" href=""https://redcircle.com?utm_source=rc_embedded_player&utm_medium=web&utm_campaign=embedded_v1"">RedCircle</a></p>"
How Do the Rich Make Money?,"Published on Tue, 02 Aug 2022 22:54:46 +0000",/shows/edb1ac3c-440b-4633-ace3-4abc3b29eb9e/ep/e515574a-90e5-4bfa-a6c3-a6f829ac50fe,"<script async defer onload=""redcircleIframe();"" src=""https://api.podcache.net/embedded-player/sh/e515574a-90e5-4bfa-a6c3-a6f829ac50fe""></script>
<div class=""redcirclePlayer-e515574a-90e5-4bfa-a6c3-a6f829ac50fe""></div>
<style>
.redcircle-link:link {
    color: #ea404d;
    text-decoration: none;
}
.redcircle-link:hover {
    color: #ea404d;
}
.redcircle-link:active {
    color: #ea404d;
}
.redcircle-link:visited {
    color: #ea404d;
}
</style>
<p style=""margin-top:3px;margin-left:11px;font-family: sans-serif;font-size: 10px; color: gray;"">Powered by <a class=""redcircle-link"" href=""https://redcircle.com?utm_source=rc_embedded_player&utm_medium=web&utm_campaign=embedded_v1"">RedCircle</a></p>"
The Most Important Things You Need to Know About Investing and Market Volatility,"Published on Wed, 20 Jul 2022 23:03:52 +0000",/shows/edb1ac3c-440b-4633-ace3-4abc3b29eb9e/ep/9fd32d9d-0950-412f-95e2-e396e9e02f23,"<script async defer onload=""redcircleIframe();"" src=""https://api.podcache.net/embedded-player/sh/9fd32d9d-0950-412f-95e2-e396e9e02f23""></script>
<div class=""redcirclePlayer-9fd32d9d-0950-412f-95e2-e396e9e02f23""></div>
<style>
.redcircle-link:link {
    color: #ea404d;
    text-decoration: none;
}
.redcircle-link:hover {
    color: #ea404d;
}
.redcircle-link:active {
    color: #ea404d;
}
.redcircle-link:visited {
    color: #ea404d;
}
</style>
<p style=""margin-top:3px;margin-left:11px;font-family: sans-serif;font-size: 10px; color: gray;"">Powered by <a class=""redcircle-link"" href=""https://redcircle.com?utm_source=rc_embedded_player&utm_medium=web&utm_campaign=embedded_v1"">RedCircle</a></p>"
Key Strategies to Get Clients Saying YES More Frequently,"Published on Tue, 12 Jul 2022 12:38:05 +0000",/shows/edb1ac3c-440b-4633-ace3-4abc3b29eb9e/ep/220f9159-eaa3-4974-a5f5-a5890b0428fa,"<script async defer onload=""redcircleIframe();"" src=""https://api.podcache.net/embedded-player/sh/220f9159-eaa3-4974-a5f5-a5890b0428fa""></script>
<div class=""redcirclePlayer-220f9159-eaa3-4974-a5f5-a5890b0428fa""></div>
<style>
.redcircle-link:link {
    color: #ea404d;
    text-decoration: none;
}
.redcircle-link:hover {
    color: #ea404d;
}
.redcircle-link:active {
    color: #ea404d;
}
.redcircle-link:visited {
    color: #ea404d;
}
</style>
<p style=""margin-top:3px;margin-left:11px;font-family: sans-serif;font-size: 10px; color: gray;"">Powered by <a class=""redcircle-link"" href=""https://redcircle.com?utm_source=rc_embedded_player&utm_medium=web&utm_campaign=embedded_v1"">RedCircle</a></p>"
How to Be Authentic and Earn Money with Recurring Revenue,"Published on Wed, 06 Jul 2022 16:34:30 +0000",/shows/edb1ac3c-440b-4633-ace3-4abc3b29eb9e/ep/c2e0b2db-7db9-4bd6-938b-b5ea524aae5f,"<script async defer onload=""redcircleIframe();"" src=""https://api.podcache.net/embedded-player/sh/c2e0b2db-7db9-4bd6-938b-b5ea524aae5f""></script>
<div class=""redcirclePlayer-c2e0b2db-7db9-4bd6-938b-b5ea524aae5f""></div>
<style>
.redcircle-link:link {
    color: #ea404d;
    text-decoration: none;
}
.redcircle-link:hover {
    color: #ea404d;
}
.redcircle-link:active {
    color: #ea404d;
}
.redcircle-link:visited {
    color: #ea404d;
}
</style>
<p style=""margin-top:3px;margin-left:11px;font-family: sans-serif;font-size: 10px; color: gray;"">Powered by <a class=""redcircle-link"" href=""https://redcircle.com?utm_source=rc_embedded_player&utm_medium=web&utm_campaign=embedded_v1"">RedCircle</a></p>"
How to Help Prospective Clients Buy From You Using Urgency,"Published on Tue, 21 Jun 2022 12:11:54 +0000",/shows/edb1ac3c-440b-4633-ace3-4abc3b29eb9e/ep/11152b74-79ba-4993-b6bf-f12ec8cc884f,"<script async defer onload=""redcircleIframe();"" src=""https://api.podcache.net/embedded-player/sh/11152b74-79ba-4993-b6bf-f12ec8cc884f""></script>
<div class=""redcirclePlayer-11152b74-79ba-4993-b6bf-f12ec8cc884f""></div>
<style>
.redcircle-link:link {
    color: #ea404d;
    text-decoration: none;
}
.redcircle-link:hover {
    color: #ea404d;
}
.redcircle-link:active {
    color: #ea404d;
}
.redcircle-link:visited {
    color: #ea404d;
}
</style>
<p style=""margin-top:3px;margin-left:11px;font-family: sans-serif;font-size: 10px; color: gray;"">Powered by <a class=""redcircle-link"" href=""https://redcircle.com?utm_source=rc_embedded_player&utm_medium=web&utm_campaign=embedded_v1"">RedCircle</a></p>"
Case Study: Entrepreneur's Journey to Successfully Sell Multiple Offers feat. Linda Enoh,"Published on Tue, 14 Jun 2022 15:52:30 +0000",/shows/edb1ac3c-440b-4633-ace3-4abc3b29eb9e/ep/3d5b0227-d380-448c-ad27-045085885bef,"<script async defer onload=""redcircleIframe();"" src=""https://api.podcache.net/embedded-player/sh/3d5b0227-d380-448c-ad27-045085885bef""></script>
<div class=""redcirclePlayer-3d5b0227-d380-448c-ad27-045085885bef""></div>
<style>
.redcircle-link:link {
    color: #ea404d;
    text-decoration: none;
}
.redcircle-link:hover {
    color: #ea404d;
}
.redcircle-link:active {
    color: #ea404d;
}
.redcircle-link:visited {
    color: #ea404d;
}
</style>
<p style=""margin-top:3px;margin-left:11px;font-family: sans-serif;font-size: 10px; color: gray;"">Powered by <a class=""redcircle-link"" href=""https://redcircle.com?utm_source=rc_embedded_player&utm_medium=web&utm_campaign=embedded_v1"">RedCircle</a></p>"
How to Succeed As a Multi Passionate Visionary Entrepreneur,"Published on Tue, 07 Jun 2022 11:54:00 +0000",/shows/edb1ac3c-440b-4633-ace3-4abc3b29eb9e/ep/8b7fe02e-082b-46a0-bf3c-57c8eaa7ca0d,"<script async defer onload=""redcircleIframe();"" src=""https://api.podcache.net/embedded-player/sh/8b7fe02e-082b-46a0-bf3c-57c8eaa7ca0d""></script>
<div class=""redcirclePlayer-8b7fe02e-082b-46a0-bf3c-57c8eaa7ca0d""></div>
<style>
.redcircle-link:link {
    color: #ea404d;
    text-decoration: none;
}
.redcircle-link:hover {
    color: #ea404d;
}
.redcircle-link:active {
    color: #ea404d;
}
.redcircle-link:visited {
    color: #ea404d;
}
</style>
<p style=""margin-top:3px;margin-left:11px;font-family: sans-serif;font-size: 10px; color: gray;"">Powered by <a class=""redcircle-link"" href=""https://redcircle.com?utm_source=rc_embedded_player&utm_medium=web&utm_campaign=embedded_v1"">RedCircle</a></p>"
How to Handle Cryptocurrency Market Volatility,"Published on Tue, 31 May 2022 18:02:54 +0000",/shows/edb1ac3c-440b-4633-ace3-4abc3b29eb9e/ep/926976a2-e63b-4528-8c2b-7131a00493b0,"<script async defer onload=""redcircleIframe();"" src=""https://api.podcache.net/embedded-player/sh/926976a2-e63b-4528-8c2b-7131a00493b0""></script>
<div class=""redcirclePlayer-926976a2-e63b-4528-8c2b-7131a00493b0""></div>
<style>
.redcircle-link:link {
    color: #ea404d;
    text-decoration: none;
}
.redcircle-link:hover {
    color: #ea404d;
}
.redcircle-link:active {
    color: #ea404d;
}
.redcircle-link:visited {
    color: #ea404d;
}
</style>
<p style=""margin-top:3px;margin-left:11px;font-family: sans-serif;font-size: 10px; color: gray;"">Powered by <a class=""redcircle-link"" href=""https://redcircle.com?utm_source=rc_embedded_player&utm_medium=web&utm_campaign=embedded_v1"">RedCircle</a></p>"
How to Handle Market Volatility,"Published on Tue, 24 May 2022 10:36:11 +0000",/shows/edb1ac3c-440b-4633-ace3-4abc3b29eb9e/ep/b3d6541c-b548-4cf6-bf3f-fd8cb851754d,"<script async defer onload=""redcircleIframe();"" src=""https://api.podcache.net/embedded-player/sh/b3d6541c-b548-4cf6-bf3f-fd8cb851754d""></script>
<div class=""redcirclePlayer-b3d6541c-b548-4cf6-bf3f-fd8cb851754d""></div>
<style>
.redcircle-link:link {
    color: #ea404d;
    text-decoration: none;
}
.redcircle-link:hover {
    color: #ea404d;
}
.redcircle-link:active {
    color: #ea404d;
}
.redcircle-link:visited {
    color: #ea404d;
}
</style>
<p style=""margin-top:3px;margin-left:11px;font-family: sans-serif;font-size: 10px; color: gray;"">Powered by <a class=""redcircle-link"" href=""https://redcircle.com?utm_source=rc_embedded_player&utm_medium=web&utm_campaign=embedded_v1"">RedCircle</a></p>"
4 Key Questions to Ask When Investing,"Published on Tue, 17 May 2022 22:35:29 +0000",/shows/edb1ac3c-440b-4633-ace3-4abc3b29eb9e/ep/2c6c0b78-3f10-467e-828f-1bc253b2863f,"<script async defer onload=""redcircleIframe();"" src=""https://api.podcache.net/embedded-player/sh/2c6c0b78-3f10-467e-828f-1bc253b2863f""></script>
<div class=""redcirclePlayer-2c6c0b78-3f10-467e-828f-1bc253b2863f""></div>
<style>
.redcircle-link:link {
    color: #ea404d;
    text-decoration: none;
}
.redcircle-link:hover {
    color: #ea404d;
}
.redcircle-link:active {
    color: #ea404d;
}
.redcircle-link:visited {
    color: #ea404d;
}
</style>
<p style=""margin-top:3px;margin-left:11px;font-family: sans-serif;font-size: 10px; color: gray;"">Powered by <a class=""redcircle-link"" href=""https://redcircle.com?utm_source=rc_embedded_player&utm_medium=web&utm_campaign=embedded_v1"">RedCircle</a></p>"
3 Pillars to Unlock the Selling is Leadingâ„¢ Principle,"Published on Tue, 03 May 2022 11:30:00 +0000",/shows/edb1ac3c-440b-4633-ace3-4abc3b29eb9e/ep/5ab41f02-ed6b-46ac-9818-18d79b282965,"<script async defer onload=""redcircleIframe();"" src=""https://api.podcache.net/embedded-player/sh/5ab41f02-ed6b-46ac-9818-18d79b282965""></script>
<div class=""redcirclePlayer-5ab41f02-ed6b-46ac-9818-18d79b282965""></div>
<style>
.redcircle-link:link {
    color: #ea404d;
    text-decoration: none;
}
.redcircle-link:hover {
    color: #ea404d;
}
.redcircle-link:active {
    color: #ea404d;
}
.redcircle-link:visited {
    color: #ea404d;
}
</style>
<p style=""margin-top:3px;margin-left:11px;font-family: sans-serif;font-size: 10px; color: gray;"">Powered by <a class=""redcircle-link"" href=""https://redcircle.com?utm_source=rc_embedded_player&utm_medium=web&utm_campaign=embedded_v1"">RedCircle</a></p>"
The Most Profitable Types of Clients Every Business Needs,"Published on Tue, 26 Apr 2022 11:30:00 +0000",/shows/edb1ac3c-440b-4633-ace3-4abc3b29eb9e/ep/9d058e4a-6db3-4733-af9c-1e0c1eeddf74,"<script async defer onload=""redcircleIframe();"" src=""https://api.podcache.net/embedded-player/sh/9d058e4a-6db3-4733-af9c-1e0c1eeddf74""></script>
<div class=""redcirclePlayer-9d058e4a-6db3-4733-af9c-1e0c1eeddf74""></div>
<style>
.redcircle-link:link {
    color: #ea404d;
    text-decoration: none;
}
.redcircle-link:hover {
    color: #ea404d;
}
.redcircle-link:active {
    color: #ea404d;
}
.redcircle-link:visited {
    color: #ea404d;
}
</style>
<p style=""margin-top:3px;margin-left:11px;font-family: sans-serif;font-size: 10px; color: gray;"">Powered by <a class=""redcircle-link"" href=""https://redcircle.com?utm_source=rc_embedded_player&utm_medium=web&utm_campaign=embedded_v1"">RedCircle</a></p>"
7 Income Streams to Increase Recurring Revenues,"Published on Tue, 19 Apr 2022 21:12:39 +0000",/shows/edb1ac3c-440b-4633-ace3-4abc3b29eb9e/ep/e01f0f9e-10af-40b3-a13f-de3ecef777ce,"<script async defer onload=""redcircleIframe();"" src=""https://api.podcache.net/embedded-player/sh/e01f0f9e-10af-40b3-a13f-de3ecef777ce""></script>
<div class=""redcirclePlayer-e01f0f9e-10af-40b3-a13f-de3ecef777ce""></div>
<style>
.redcircle-link:link {
    color: #ea404d;
    text-decoration: none;
}
.redcircle-link:hover {
    color: #ea404d;
}
.redcircle-link:active {
    color: #ea404d;
}
.redcircle-link:visited {
    color: #ea404d;
}
</style>
<p style=""margin-top:3px;margin-left:11px;font-family: sans-serif;font-size: 10px; color: gray;"">Powered by <a class=""redcircle-link"" href=""https://redcircle.com?utm_source=rc_embedded_player&utm_medium=web&utm_campaign=embedded_v1"">RedCircle</a></p>"
Shy Introvert to Sales Superstar! (Feat. Li Min Huang),"Published on Tue, 12 Apr 2022 15:17:18 +0000",/shows/edb1ac3c-440b-4633-ace3-4abc3b29eb9e/ep/d26937ce-dc09-449f-bacb-ba7193dbb7c4,"<script async defer onload=""redcircleIframe();"" src=""https://api.podcache.net/embedded-player/sh/d26937ce-dc09-449f-bacb-ba7193dbb7c4""></script>
<div class=""redcirclePlayer-d26937ce-dc09-449f-bacb-ba7193dbb7c4""></div>
<style>
.redcircle-link:link {
    color: #ea404d;
    text-decoration: none;
}
.redcircle-link:hover {
    color: #ea404d;
}
.redcircle-link:active {
    color: #ea404d;
}
.redcircle-link:visited {
    color: #ea404d;
}
</style>
<p style=""margin-top:3px;margin-left:11px;font-family: sans-serif;font-size: 10px; color: gray;"">Powered by <a class=""redcircle-link"" href=""https://redcircle.com?utm_source=rc_embedded_player&utm_medium=web&utm_campaign=embedded_v1"">RedCircle</a></p>"
Selling During Uncertain Times,"Published on Tue, 05 Apr 2022 13:21:56 +0000",/shows/edb1ac3c-440b-4633-ace3-4abc3b29eb9e/ep/79398083-59a9-49b3-abc2-f9ca08704eb6,"<script async defer onload=""redcircleIframe();"" src=""https://api.podcache.net/embedded-player/sh/79398083-59a9-49b3-abc2-f9ca08704eb6""></script>
<div class=""redcirclePlayer-79398083-59a9-49b3-abc2-f9ca08704eb6""></div>
<style>
.redcircle-link:link {
    color: #ea404d;
    text-decoration: none;
}
.redcircle-link:hover {
    color: #ea404d;
}
.redcircle-link:active {
    color: #ea404d;
}
.redcircle-link:visited {
    color: #ea404d;
}
</style>
<p style=""margin-top:3px;margin-left:11px;font-family: sans-serif;font-size: 10px; color: gray;"">Powered by <a class=""redcircle-link"" href=""https://redcircle.com?utm_source=rc_embedded_player&utm_medium=web&utm_campaign=embedded_v1"">RedCircle</a></p>"
The Top Ways to Succeed in Sales,"Published on Tue, 29 Mar 2022 01:57:48 +0000",/shows/edb1ac3c-440b-4633-ace3-4abc3b29eb9e/ep/beda0fab-8d97-4309-aab8-4056629baac9,"<script async defer onload=""redcircleIframe();"" src=""https://api.podcache.net/embedded-player/sh/beda0fab-8d97-4309-aab8-4056629baac9""></script>
<div class=""redcirclePlayer-beda0fab-8d97-4309-aab8-4056629baac9""></div>
<style>
.redcircle-link:link {
    color: #ea404d;
    text-decoration: none;
}
.redcircle-link:hover {
    color: #ea404d;
}
.redcircle-link:active {
    color: #ea404d;
}
.redcircle-link:visited {
    color: #ea404d;
}
</style>
<p style=""margin-top:3px;margin-left:11px;font-family: sans-serif;font-size: 10px; color: gray;"">Powered by <a class=""redcircle-link"" href=""https://redcircle.com?utm_source=rc_embedded_player&utm_medium=web&utm_campaign=embedded_v1"">RedCircle</a></p>"
What It Takes to Create Premium Offers That Are In Demand and Sell Out Consistently,"Published on Tue, 29 Mar 2022 01:46:55 +0000",/shows/edb1ac3c-440b-4633-ace3-4abc3b29eb9e/ep/98efe470-530b-4924-addb-ccd99713a98e,"<script async defer onload=""redcircleIframe();"" src=""https://api.podcache.net/embedded-player/sh/98efe470-530b-4924-addb-ccd99713a98e""></script>
<div class=""redcirclePlayer-98efe470-530b-4924-addb-ccd99713a98e""></div>
<style>
.redcircle-link:link {
    color: #ea404d;
    text-decoration: none;
}
.redcircle-link:hover {
    color: #ea404d;
}
.redcircle-link:active {
    color: #ea404d;
}
.redcircle-link:visited {
    color: #ea404d;
}
</style>
<p style=""margin-top:3px;margin-left:11px;font-family: sans-serif;font-size: 10px; color: gray;"">Powered by <a class=""redcircle-link"" href=""https://redcircle.com?utm_source=rc_embedded_player&utm_medium=web&utm_campaign=embedded_v1"">RedCircle</a></p>"
Biggest Blocks to Creating Consistent Income,"Published on Tue, 22 Mar 2022 13:02:31 +0000",/shows/edb1ac3c-440b-4633-ace3-4abc3b29eb9e/ep/a56ea00c-bc8e-4ab5-bba4-f80488652629,"<script async defer onload=""redcircleIframe();"" src=""https://api.podcache.net/embedded-player/sh/a56ea00c-bc8e-4ab5-bba4-f80488652629""></script>
<div class=""redcirclePlayer-a56ea00c-bc8e-4ab5-bba4-f80488652629""></div>
<style>
.redcircle-link:link {
    color: #ea404d;
    text-decoration: none;
}
.redcircle-link:hover {
    color: #ea404d;
}
.redcircle-link:active {
    color: #ea404d;
}
.redcircle-link:visited {
    color: #ea404d;
}
</style>
<p style=""margin-top:3px;margin-left:11px;font-family: sans-serif;font-size: 10px; color: gray;"">Powered by <a class=""redcircle-link"" href=""https://redcircle.com?utm_source=rc_embedded_player&utm_medium=web&utm_campaign=embedded_v1"">RedCircle</a></p>"
How to Attract High Paying Clients without Being on Social Media Constantly,"Published on Tue, 15 Mar 2022 08:30:00 +0000",/shows/edb1ac3c-440b-4633-ace3-4abc3b29eb9e/ep/8852cdd8-aa6a-411a-843d-2e2ffbaeda92,"<script async defer onload=""redcircleIframe();"" src=""https://api.podcache.net/embedded-player/sh/8852cdd8-aa6a-411a-843d-2e2ffbaeda92""></script>
<div class=""redcirclePlayer-8852cdd8-aa6a-411a-843d-2e2ffbaeda92""></div>
<style>
.redcircle-link:link {
    color: #ea404d;
    text-decoration: none;
}
.redcircle-link:hover {
    color: #ea404d;
}
.redcircle-link:active {
    color: #ea404d;
}
.redcircle-link:visited {
    color: #ea404d;
}
</style>
<p style=""margin-top:3px;margin-left:11px;font-family: sans-serif;font-size: 10px; color: gray;"">Powered by <a class=""redcircle-link"" href=""https://redcircle.com?utm_source=rc_embedded_player&utm_medium=web&utm_campaign=embedded_v1"">RedCircle</a></p>"
Turning Problems into Opportunities with Effective Customer Service,"Published on Tue, 08 Mar 2022 13:08:24 +0000",/shows/edb1ac3c-440b-4633-ace3-4abc3b29eb9e/ep/4b50aed7-9250-42ac-9318-9baf00d00a19,"<script async defer onload=""redcircleIframe();"" src=""https://api.podcache.net/embedded-player/sh/4b50aed7-9250-42ac-9318-9baf00d00a19""></script>
<div class=""redcirclePlayer-4b50aed7-9250-42ac-9318-9baf00d00a19""></div>
<style>
.redcircle-link:link {
    color: #ea404d;
    text-decoration: none;
}
.redcircle-link:hover {
    color: #ea404d;
}
.redcircle-link:active {
    color: #ea404d;
}
.redcircle-link:visited {
    color: #ea404d;
}
</style>
<p style=""margin-top:3px;margin-left:11px;font-family: sans-serif;font-size: 10px; color: gray;"">Powered by <a class=""redcircle-link"" href=""https://redcircle.com?utm_source=rc_embedded_player&utm_medium=web&utm_campaign=embedded_v1"">RedCircle</a></p>"
How to Sell to 4 Key Decision Making Personalities,"Published on Tue, 01 Mar 2022 09:30:00 +0000",/shows/edb1ac3c-440b-4633-ace3-4abc3b29eb9e/ep/66648b16-7276-4214-b91d-5f5971d0c256,"<script async defer onload=""redcircleIframe();"" src=""https://api.podcache.net/embedded-player/sh/66648b16-7276-4214-b91d-5f5971d0c256""></script>
<div class=""redcirclePlayer-66648b16-7276-4214-b91d-5f5971d0c256""></div>
<style>
.redcircle-link:link {
    color: #ea404d;
    text-decoration: none;
}
.redcircle-link:hover {
    color: #ea404d;
}
.redcircle-link:active {
    color: #ea404d;
}
.redcircle-link:visited {
    color: #ea404d;
}
</style>
<p style=""margin-top:3px;margin-left:11px;font-family: sans-serif;font-size: 10px; color: gray;"">Powered by <a class=""redcircle-link"" href=""https://redcircle.com?utm_source=rc_embedded_player&utm_medium=web&utm_campaign=embedded_v1"">RedCircle</a></p>"
Your Lead Generation Problem is Not a Lack of Leads (Part 2),"Published on Wed, 23 Feb 2022 01:02:04 +0000",/shows/edb1ac3c-440b-4633-ace3-4abc3b29eb9e/ep/f6c14ac9-c74e-41d1-b650-c9240bbf2613,"<script async defer onload=""redcircleIframe();"" src=""https://api.podcache.net/embedded-player/sh/f6c14ac9-c74e-41d1-b650-c9240bbf2613""></script>
<div class=""redcirclePlayer-f6c14ac9-c74e-41d1-b650-c9240bbf2613""></div>
<style>
.redcircle-link:link {
    color: #ea404d;
    text-decoration: none;
}
.redcircle-link:hover {
    color: #ea404d;
}
.redcircle-link:active {
    color: #ea404d;
}
.redcircle-link:visited {
    color: #ea404d;
}
</style>
<p style=""margin-top:3px;margin-left:11px;font-family: sans-serif;font-size: 10px; color: gray;"">Powered by <a class=""redcircle-link"" href=""https://redcircle.com?utm_source=rc_embedded_player&utm_medium=web&utm_campaign=embedded_v1"">RedCircle</a></p>"
Your Lead Generation Problem is Not a Lack of Leads (Part 1),"Published on Tue, 15 Feb 2022 09:30:00 +0000",/shows/edb1ac3c-440b-4633-ace3-4abc3b29eb9e/ep/c5925006-3f54-4e47-be8c-68d14edbb889,"<script async defer onload=""redcircleIframe();"" src=""https://api.podcache.net/embedded-player/sh/c5925006-3f54-4e47-be8c-68d14edbb889""></script>
<div class=""redcirclePlayer-c5925006-3f54-4e47-be8c-68d14edbb889""></div>
<style>
.redcircle-link:link {
    color: #ea404d;
    text-decoration: none;
}
.redcircle-link:hover {
    color: #ea404d;
}
.redcircle-link:active {
    color: #ea404d;
}
.redcircle-link:visited {
    color: #ea404d;
}
</style>
<p style=""margin-top:3px;margin-left:11px;font-family: sans-serif;font-size: 10px; color: gray;"">Powered by <a class=""redcircle-link"" href=""https://redcircle.com?utm_source=rc_embedded_player&utm_medium=web&utm_campaign=embedded_v1"">RedCircle</a></p>"
Top Opportunities for 6 and 7 Figure Success,"Published on Tue, 08 Feb 2022 09:30:00 +0000",/shows/edb1ac3c-440b-4633-ace3-4abc3b29eb9e/ep/668ad45b-c9e3-43d5-aa09-0c5fe6462078,"<script async defer onload=""redcircleIframe();"" src=""https://api.podcache.net/embedded-player/sh/668ad45b-c9e3-43d5-aa09-0c5fe6462078""></script>
<div class=""redcirclePlayer-668ad45b-c9e3-43d5-aa09-0c5fe6462078""></div>
<style>
.redcircle-link:link {
    color: #ea404d;
    text-decoration: none;
}
.redcircle-link:hover {
    color: #ea404d;
}
.redcircle-link:active {
    color: #ea404d;
}
.redcircle-link:visited {
    color: #ea404d;
}
</style>
<p style=""margin-top:3px;margin-left:11px;font-family: sans-serif;font-size: 10px; color: gray;"">Powered by <a class=""redcircle-link"" href=""https://redcircle.com?utm_source=rc_embedded_player&utm_medium=web&utm_campaign=embedded_v1"">RedCircle</a></p>"
Key Bottlenecks to Scaling Sales,"Published on Tue, 01 Feb 2022 22:40:51 +0000",/shows/edb1ac3c-440b-4633-ace3-4abc3b29eb9e/ep/9b54ff6e-41f4-4eba-aff3-5ff2ce53095b,"<script async defer onload=""redcircleIframe();"" src=""https://api.podcache.net/embedded-player/sh/9b54ff6e-41f4-4eba-aff3-5ff2ce53095b""></script>
<div class=""redcirclePlayer-9b54ff6e-41f4-4eba-aff3-5ff2ce53095b""></div>
<style>
.redcircle-link:link {
    color: #ea404d;
    text-decoration: none;
}
.redcircle-link:hover {
    color: #ea404d;
}
.redcircle-link:active {
    color: #ea404d;
}
.redcircle-link:visited {
    color: #ea404d;
}
</style>
<p style=""margin-top:3px;margin-left:11px;font-family: sans-serif;font-size: 10px; color: gray;"">Powered by <a class=""redcircle-link"" href=""https://redcircle.com?utm_source=rc_embedded_player&utm_medium=web&utm_campaign=embedded_v1"">RedCircle</a></p>"
Never Ending Content Ideas That Convert,"Published on Tue, 25 Jan 2022 09:30:35 +0000",/shows/edb1ac3c-440b-4633-ace3-4abc3b29eb9e/ep/8b55e658-eeb8-42bc-94c1-9a5c5ac8c4cc,"<script async defer onload=""redcircleIframe();"" src=""https://api.podcache.net/embedded-player/sh/8b55e658-eeb8-42bc-94c1-9a5c5ac8c4cc""></script>
<div class=""redcirclePlayer-8b55e658-eeb8-42bc-94c1-9a5c5ac8c4cc""></div>
<style>
.redcircle-link:link {
    color: #ea404d;
    text-decoration: none;
}
.redcircle-link:hover {
    color: #ea404d;
}
.redcircle-link:active {
    color: #ea404d;
}
.redcircle-link:visited {
    color: #ea404d;
}
</style>
<p style=""margin-top:3px;margin-left:11px;font-family: sans-serif;font-size: 10px; color: gray;"">Powered by <a class=""redcircle-link"" href=""https://redcircle.com?utm_source=rc_embedded_player&utm_medium=web&utm_campaign=embedded_v1"">RedCircle</a></p>"
3 Leading Sales Conversation Mistakes,"Published on Tue, 18 Jan 2022 17:01:49 +0000",/shows/edb1ac3c-440b-4633-ace3-4abc3b29eb9e/ep/9d695dba-70fb-499f-8e26-1e3193f7f1bd,"<script async defer onload=""redcircleIframe();"" src=""https://api.podcache.net/embedded-player/sh/9d695dba-70fb-499f-8e26-1e3193f7f1bd""></script>
<div class=""redcirclePlayer-9d695dba-70fb-499f-8e26-1e3193f7f1bd""></div>
<style>
.redcircle-link:link {
    color: #ea404d;
    text-decoration: none;
}
.redcircle-link:hover {
    color: #ea404d;
}
.redcircle-link:active {
    color: #ea404d;
}
.redcircle-link:visited {
    color: #ea404d;
}
</style>
<p style=""margin-top:3px;margin-left:11px;font-family: sans-serif;font-size: 10px; color: gray;"">Powered by <a class=""redcircle-link"" href=""https://redcircle.com?utm_source=rc_embedded_player&utm_medium=web&utm_campaign=embedded_v1"">RedCircle</a></p>"
The Most Effective Techniques Telemarketers Use to Increase Sales,"Published on Tue, 11 Jan 2022 16:08:27 +0000",/shows/edb1ac3c-440b-4633-ace3-4abc3b29eb9e/ep/776c11f2-50c7-49e1-a692-54f265f4fe9e,"<script async defer onload=""redcircleIframe();"" src=""https://api.podcache.net/embedded-player/sh/776c11f2-50c7-49e1-a692-54f265f4fe9e""></script>
<div class=""redcirclePlayer-776c11f2-50c7-49e1-a692-54f265f4fe9e""></div>
<style>
.redcircle-link:link {
    color: #ea404d;
    text-decoration: none;
}
.redcircle-link:hover {
    color: #ea404d;
}
.redcircle-link:active {
    color: #ea404d;
}
.redcircle-link:visited {
    color: #ea404d;
}
</style>
<p style=""margin-top:3px;margin-left:11px;font-family: sans-serif;font-size: 10px; color: gray;"">Powered by <a class=""redcircle-link"" href=""https://redcircle.com?utm_source=rc_embedded_player&utm_medium=web&utm_campaign=embedded_v1"">RedCircle</a></p>"
Top 3 Strategies to Get Paid More for Your Expertise,"Published on Tue, 04 Jan 2022 10:00:00 +0000",/shows/edb1ac3c-440b-4633-ace3-4abc3b29eb9e/ep/1fb36fb7-525c-441a-8cd9-6c4ffb70c6f4,"<script async defer onload=""redcircleIframe();"" src=""https://api.podcache.net/embedded-player/sh/1fb36fb7-525c-441a-8cd9-6c4ffb70c6f4""></script>
<div class=""redcirclePlayer-1fb36fb7-525c-441a-8cd9-6c4ffb70c6f4""></div>
<style>
.redcircle-link:link {
    color: #ea404d;
    text-decoration: none;
}
.redcircle-link:hover {
    color: #ea404d;
}
.redcircle-link:active {
    color: #ea404d;
}
.redcircle-link:visited {
    color: #ea404d;
}
</style>
<p style=""margin-top:3px;margin-left:11px;font-family: sans-serif;font-size: 10px; color: gray;"">Powered by <a class=""redcircle-link"" href=""https://redcircle.com?utm_source=rc_embedded_player&utm_medium=web&utm_campaign=embedded_v1"">RedCircle</a></p>"
Best of 2021 - Top 10 Episodes (Part 2),"Published on Tue, 28 Dec 2021 12:45:55 +0000",/shows/edb1ac3c-440b-4633-ace3-4abc3b29eb9e/ep/1db902e6-1daf-4651-9afc-73a3a63033b1,"<script async defer onload=""redcircleIframe();"" src=""https://api.podcache.net/embedded-player/sh/1db902e6-1daf-4651-9afc-73a3a63033b1""></script>
<div class=""redcirclePlayer-1db902e6-1daf-4651-9afc-73a3a63033b1""></div>
<style>
.redcircle-link:link {
    color: #ea404d;
    text-decoration: none;
}
.redcircle-link:hover {
    color: #ea404d;
}
.redcircle-link:active {
    color: #ea404d;
}
.redcircle-link:visited {
    color: #ea404d;
}
</style>
<p style=""margin-top:3px;margin-left:11px;font-family: sans-serif;font-size: 10px; color: gray;"">Powered by <a class=""redcircle-link"" href=""https://redcircle.com?utm_source=rc_embedded_player&utm_medium=web&utm_campaign=embedded_v1"">RedCircle</a></p>"
Best of 2021 - Top 10 Episodes (Part 1),"Published on Tue, 21 Dec 2021 12:40:11 +0000",/shows/edb1ac3c-440b-4633-ace3-4abc3b29eb9e/ep/bed65b17-f44c-4826-a7bd-f37cd75bbcd7,"<script async defer onload=""redcircleIframe();"" src=""https://api.podcache.net/embedded-player/sh/bed65b17-f44c-4826-a7bd-f37cd75bbcd7""></script>
<div class=""redcirclePlayer-bed65b17-f44c-4826-a7bd-f37cd75bbcd7""></div>
<style>
.redcircle-link:link {
    color: #ea404d;
    text-decoration: none;
}
.redcircle-link:hover {
    color: #ea404d;
}
.redcircle-link:active {
    color: #ea404d;
}
.redcircle-link:visited {
    color: #ea404d;
}
</style>
<p style=""margin-top:3px;margin-left:11px;font-family: sans-serif;font-size: 10px; color: gray;"">Powered by <a class=""redcircle-link"" href=""https://redcircle.com?utm_source=rc_embedded_player&utm_medium=web&utm_campaign=embedded_v1"">RedCircle</a></p>"
Top 5 Opportunities in 2022,"Published on Tue, 14 Dec 2021 13:24:33 +0000",/shows/edb1ac3c-440b-4633-ace3-4abc3b29eb9e/ep/a06cb0f3-8b03-437f-8f69-0750082b35ae,"<script async defer onload=""redcircleIframe();"" src=""https://api.podcache.net/embedded-player/sh/a06cb0f3-8b03-437f-8f69-0750082b35ae""></script>
<div class=""redcirclePlayer-a06cb0f3-8b03-437f-8f69-0750082b35ae""></div>
<style>
.redcircle-link:link {
    color: #ea404d;
    text-decoration: none;
}
.redcircle-link:hover {
    color: #ea404d;
}
.redcircle-link:active {
    color: #ea404d;
}
.redcircle-link:visited {
    color: #ea404d;
}
</style>
<p style=""margin-top:3px;margin-left:11px;font-family: sans-serif;font-size: 10px; color: gray;"">Powered by <a class=""redcircle-link"" href=""https://redcircle.com?utm_source=rc_embedded_player&utm_medium=web&utm_campaign=embedded_v1"">RedCircle</a></p>"
How to Make More Money Without Creating Anything New,"Published on Tue, 07 Dec 2021 09:30:00 +0000",/shows/edb1ac3c-440b-4633-ace3-4abc3b29eb9e/ep/4fc8668a-cdec-492c-a162-ec735fd4e595,"<script async defer onload=""redcircleIframe();"" src=""https://api.podcache.net/embedded-player/sh/4fc8668a-cdec-492c-a162-ec735fd4e595""></script>
<div class=""redcirclePlayer-4fc8668a-cdec-492c-a162-ec735fd4e595""></div>
<style>
.redcircle-link:link {
    color: #ea404d;
    text-decoration: none;
}
.redcircle-link:hover {
    color: #ea404d;
}
.redcircle-link:active {
    color: #ea404d;
}
.redcircle-link:visited {
    color: #ea404d;
}
</style>
<p style=""margin-top:3px;margin-left:11px;font-family: sans-serif;font-size: 10px; color: gray;"">Powered by <a class=""redcircle-link"" href=""https://redcircle.com?utm_source=rc_embedded_player&utm_medium=web&utm_campaign=embedded_v1"">RedCircle</a></p>"
3 Simple Strategies to Improve Virtual and Social Selling Close Rates,"Published on Tue, 30 Nov 2021 09:00:00 +0000",/shows/edb1ac3c-440b-4633-ace3-4abc3b29eb9e/ep/22b7cfa5-123c-4854-9079-05ed0e67a8d5,"<script async defer onload=""redcircleIframe();"" src=""https://api.podcache.net/embedded-player/sh/22b7cfa5-123c-4854-9079-05ed0e67a8d5""></script>
<div class=""redcirclePlayer-22b7cfa5-123c-4854-9079-05ed0e67a8d5""></div>
<style>
.redcircle-link:link {
    color: #ea404d;
    text-decoration: none;
}
.redcircle-link:hover {
    color: #ea404d;
}
.redcircle-link:active {
    color: #ea404d;
}
.redcircle-link:visited {
    color: #ea404d;
}
</style>
<p style=""margin-top:3px;margin-left:11px;font-family: sans-serif;font-size: 10px; color: gray;"">Powered by <a class=""redcircle-link"" href=""https://redcircle.com?utm_source=rc_embedded_player&utm_medium=web&utm_campaign=embedded_v1"">RedCircle</a></p>"
Stop Convincing People and Do This Instead,"Published on Tue, 23 Nov 2021 09:00:00 +0000",/shows/edb1ac3c-440b-4633-ace3-4abc3b29eb9e/ep/cf21aad7-05a6-44de-8889-345dcecd9b7c,"<script async defer onload=""redcircleIframe();"" src=""https://api.podcache.net/embedded-player/sh/cf21aad7-05a6-44de-8889-345dcecd9b7c""></script>
<div class=""redcirclePlayer-cf21aad7-05a6-44de-8889-345dcecd9b7c""></div>
<style>
.redcircle-link:link {
    color: #ea404d;
    text-decoration: none;
}
.redcircle-link:hover {
    color: #ea404d;
}
.redcircle-link:active {
    color: #ea404d;
}
.redcircle-link:visited {
    color: #ea404d;
}
</style>
<p style=""margin-top:3px;margin-left:11px;font-family: sans-serif;font-size: 10px; color: gray;"">Powered by <a class=""redcircle-link"" href=""https://redcircle.com?utm_source=rc_embedded_player&utm_medium=web&utm_campaign=embedded_v1"">RedCircle</a></p>"
Do This First to Increase Your Close Ratio for Sales Proposals,"Published on Tue, 16 Nov 2021 12:54:51 +0000",/shows/edb1ac3c-440b-4633-ace3-4abc3b29eb9e/ep/75175843-1cc3-4e7d-b84a-044c1872dd05,"<script async defer onload=""redcircleIframe();"" src=""https://api.podcache.net/embedded-player/sh/75175843-1cc3-4e7d-b84a-044c1872dd05""></script>
<div class=""redcirclePlayer-75175843-1cc3-4e7d-b84a-044c1872dd05""></div>
<style>
.redcircle-link:link {
    color: #ea404d;
    text-decoration: none;
}
.redcircle-link:hover {
    color: #ea404d;
}
.redcircle-link:active {
    color: #ea404d;
}
.redcircle-link:visited {
    color: #ea404d;
}
</style>
<p style=""margin-top:3px;margin-left:11px;font-family: sans-serif;font-size: 10px; color: gray;"">Powered by <a class=""redcircle-link"" href=""https://redcircle.com?utm_source=rc_embedded_player&utm_medium=web&utm_campaign=embedded_v1"">RedCircle</a></p>"
Turning 1 Client into 3 Using the 3X Effect Strategy,"Published on Tue, 09 Nov 2021 15:13:14 +0000",/shows/edb1ac3c-440b-4633-ace3-4abc3b29eb9e/ep/f99554f9-7e7a-43f0-8306-94e346e1d92d,"<script async defer onload=""redcircleIframe();"" src=""https://api.podcache.net/embedded-player/sh/f99554f9-7e7a-43f0-8306-94e346e1d92d""></script>
<div class=""redcirclePlayer-f99554f9-7e7a-43f0-8306-94e346e1d92d""></div>
<style>
.redcircle-link:link {
    color: #ea404d;
    text-decoration: none;
}
.redcircle-link:hover {
    color: #ea404d;
}
.redcircle-link:active {
    color: #ea404d;
}
.redcircle-link:visited {
    color: #ea404d;
}
</style>
<p style=""margin-top:3px;margin-left:11px;font-family: sans-serif;font-size: 10px; color: gray;"">Powered by <a class=""redcircle-link"" href=""https://redcircle.com?utm_source=rc_embedded_player&utm_medium=web&utm_campaign=embedded_v1"">RedCircle</a></p>"
Why Empathy Is Essential to Selling,"Published on Tue, 02 Nov 2021 08:30:00 +0000",/shows/edb1ac3c-440b-4633-ace3-4abc3b29eb9e/ep/f9c0975c-edb5-4e83-b0b1-7cb731dd5f42,"<script async defer onload=""redcircleIframe();"" src=""https://api.podcache.net/embedded-player/sh/f9c0975c-edb5-4e83-b0b1-7cb731dd5f42""></script>
<div class=""redcirclePlayer-f9c0975c-edb5-4e83-b0b1-7cb731dd5f42""></div>
<style>
.redcircle-link:link {
    color: #ea404d;
    text-decoration: none;
}
.redcircle-link:hover {
    color: #ea404d;
}
.redcircle-link:active {
    color: #ea404d;
}
.redcircle-link:visited {
    color: #ea404d;
}
</style>
<p style=""margin-top:3px;margin-left:11px;font-family: sans-serif;font-size: 10px; color: gray;"">Powered by <a class=""redcircle-link"" href=""https://redcircle.com?utm_source=rc_embedded_player&utm_medium=web&utm_campaign=embedded_v1"">RedCircle</a></p>"
Top 3 Reasons You Struggle to Succeed as An Entrepreneur or Salesperson,"Published on Tue, 26 Oct 2021 14:32:04 +0000",/shows/edb1ac3c-440b-4633-ace3-4abc3b29eb9e/ep/1ab47f8b-d199-4bcc-bb5a-a48eee8e5c4f,"<script async defer onload=""redcircleIframe();"" src=""https://api.podcache.net/embedded-player/sh/1ab47f8b-d199-4bcc-bb5a-a48eee8e5c4f""></script>
<div class=""redcirclePlayer-1ab47f8b-d199-4bcc-bb5a-a48eee8e5c4f""></div>
<style>
.redcircle-link:link {
    color: #ea404d;
    text-decoration: none;
}
.redcircle-link:hover {
    color: #ea404d;
}
.redcircle-link:active {
    color: #ea404d;
}
.redcircle-link:visited {
    color: #ea404d;
}
</style>
<p style=""margin-top:3px;margin-left:11px;font-family: sans-serif;font-size: 10px; color: gray;"">Powered by <a class=""redcircle-link"" href=""https://redcircle.com?utm_source=rc_embedded_player&utm_medium=web&utm_campaign=embedded_v1"">RedCircle</a></p>"
The Single Most Important Daily Thing Every Business Owner Needs to Succeed,"Published on Tue, 19 Oct 2021 10:57:33 +0000",/shows/edb1ac3c-440b-4633-ace3-4abc3b29eb9e/ep/cbf96a09-9e03-451b-9246-c63710351206,"<script async defer onload=""redcircleIframe();"" src=""https://api.podcache.net/embedded-player/sh/cbf96a09-9e03-451b-9246-c63710351206""></script>
<div class=""redcirclePlayer-cbf96a09-9e03-451b-9246-c63710351206""></div>
<style>
.redcircle-link:link {
    color: #ea404d;
    text-decoration: none;
}
.redcircle-link:hover {
    color: #ea404d;
}
.redcircle-link:active {
    color: #ea404d;
}
.redcircle-link:visited {
    color: #ea404d;
}
</style>
<p style=""margin-top:3px;margin-left:11px;font-family: sans-serif;font-size: 10px; color: gray;"">Powered by <a class=""redcircle-link"" href=""https://redcircle.com?utm_source=rc_embedded_player&utm_medium=web&utm_campaign=embedded_v1"">RedCircle</a></p>"
How to Identify Emerging Opportunities,"Published on Tue, 12 Oct 2021 09:00:00 +0000",/shows/edb1ac3c-440b-4633-ace3-4abc3b29eb9e/ep/7f6fb509-a818-4785-b5d7-fc3484e078c3,"<script async defer onload=""redcircleIframe();"" src=""https://api.podcache.net/embedded-player/sh/7f6fb509-a818-4785-b5d7-fc3484e078c3""></script>
<div class=""redcirclePlayer-7f6fb509-a818-4785-b5d7-fc3484e078c3""></div>
<style>
.redcircle-link:link {
    color: #ea404d;
    text-decoration: none;
}
.redcircle-link:hover {
    color: #ea404d;
}
.redcircle-link:active {
    color: #ea404d;
}
.redcircle-link:visited {
    color: #ea404d;
}
</style>
<p style=""margin-top:3px;margin-left:11px;font-family: sans-serif;font-size: 10px; color: gray;"">Powered by <a class=""redcircle-link"" href=""https://redcircle.com?utm_source=rc_embedded_player&utm_medium=web&utm_campaign=embedded_v1"">RedCircle</a></p>"
Preparing for a Productive and Profitable Seasonal Sale,"Published on Tue, 05 Oct 2021 10:18:08 +0000",/shows/edb1ac3c-440b-4633-ace3-4abc3b29eb9e/ep/c0d7c6cd-62fc-42dc-afca-431c7d459483,"<script async defer onload=""redcircleIframe();"" src=""https://api.podcache.net/embedded-player/sh/c0d7c6cd-62fc-42dc-afca-431c7d459483""></script>
<div class=""redcirclePlayer-c0d7c6cd-62fc-42dc-afca-431c7d459483""></div>
<style>
.redcircle-link:link {
    color: #ea404d;
    text-decoration: none;
}
.redcircle-link:hover {
    color: #ea404d;
}
.redcircle-link:active {
    color: #ea404d;
}
.redcircle-link:visited {
    color: #ea404d;
}
</style>
<p style=""margin-top:3px;margin-left:11px;font-family: sans-serif;font-size: 10px; color: gray;"">Powered by <a class=""redcircle-link"" href=""https://redcircle.com?utm_source=rc_embedded_player&utm_medium=web&utm_campaign=embedded_v1"">RedCircle</a></p>"
Quarterly Sales Planning That Actually Increases Results,"Published on Tue, 28 Sep 2021 08:00:00 +0000",/shows/edb1ac3c-440b-4633-ace3-4abc3b29eb9e/ep/d231da11-5ac5-44e4-ab54-0477a92c96ee,"<script async defer onload=""redcircleIframe();"" src=""https://api.podcache.net/embedded-player/sh/d231da11-5ac5-44e4-ab54-0477a92c96ee""></script>
<div class=""redcirclePlayer-d231da11-5ac5-44e4-ab54-0477a92c96ee""></div>
<style>
.redcircle-link:link {
    color: #ea404d;
    text-decoration: none;
}
.redcircle-link:hover {
    color: #ea404d;
}
.redcircle-link:active {
    color: #ea404d;
}
.redcircle-link:visited {
    color: #ea404d;
}
</style>
<p style=""margin-top:3px;margin-left:11px;font-family: sans-serif;font-size: 10px; color: gray;"">Powered by <a class=""redcircle-link"" href=""https://redcircle.com?utm_source=rc_embedded_player&utm_medium=web&utm_campaign=embedded_v1"">RedCircle</a></p>"
How to Stop Being Afraid to Sell,"Published on Tue, 21 Sep 2021 12:09:01 +0000",/shows/edb1ac3c-440b-4633-ace3-4abc3b29eb9e/ep/28e62f16-31d7-4583-be22-b8110003bac2,"<script async defer onload=""redcircleIframe();"" src=""https://api.podcache.net/embedded-player/sh/28e62f16-31d7-4583-be22-b8110003bac2""></script>
<div class=""redcirclePlayer-28e62f16-31d7-4583-be22-b8110003bac2""></div>
<style>
.redcircle-link:link {
    color: #ea404d;
    text-decoration: none;
}
.redcircle-link:hover {
    color: #ea404d;
}
.redcircle-link:active {
    color: #ea404d;
}
.redcircle-link:visited {
    color: #ea404d;
}
</style>
<p style=""margin-top:3px;margin-left:11px;font-family: sans-serif;font-size: 10px; color: gray;"">Powered by <a class=""redcircle-link"" href=""https://redcircle.com?utm_source=rc_embedded_player&utm_medium=web&utm_campaign=embedded_v1"">RedCircle</a></p>"
Intuitive Selling,"Published on Tue, 14 Sep 2021 11:36:31 +0000",/shows/edb1ac3c-440b-4633-ace3-4abc3b29eb9e/ep/358c7f88-baba-4875-b566-98395f6acb81,"<script async defer onload=""redcircleIframe();"" src=""https://api.podcache.net/embedded-player/sh/358c7f88-baba-4875-b566-98395f6acb81""></script>
<div class=""redcirclePlayer-358c7f88-baba-4875-b566-98395f6acb81""></div>
<style>
.redcircle-link:link {
    color: #ea404d;
    text-decoration: none;
}
.redcircle-link:hover {
    color: #ea404d;
}
.redcircle-link:active {
    color: #ea404d;
}
.redcircle-link:visited {
    color: #ea404d;
}
</style>
<p style=""margin-top:3px;margin-left:11px;font-family: sans-serif;font-size: 10px; color: gray;"">Powered by <a class=""redcircle-link"" href=""https://redcircle.com?utm_source=rc_embedded_player&utm_medium=web&utm_campaign=embedded_v1"">RedCircle</a></p>"
3 Strategies to a Million Dollar Network,"Published on Tue, 07 Sep 2021 10:40:39 +0000",/shows/edb1ac3c-440b-4633-ace3-4abc3b29eb9e/ep/553d3b72-ea7d-44a5-8149-d17a806307b0,"<script async defer onload=""redcircleIframe();"" src=""https://api.podcache.net/embedded-player/sh/553d3b72-ea7d-44a5-8149-d17a806307b0""></script>
<div class=""redcirclePlayer-553d3b72-ea7d-44a5-8149-d17a806307b0""></div>
<style>
.redcircle-link:link {
    color: #ea404d;
    text-decoration: none;
}
.redcircle-link:hover {
    color: #ea404d;
}
.redcircle-link:active {
    color: #ea404d;
}
.redcircle-link:visited {
    color: #ea404d;
}
</style>
<p style=""margin-top:3px;margin-left:11px;font-family: sans-serif;font-size: 10px; color: gray;"">Powered by <a class=""redcircle-link"" href=""https://redcircle.com?utm_source=rc_embedded_player&utm_medium=web&utm_campaign=embedded_v1"">RedCircle</a></p>"
Servant Leadership & Sales,"Published on Tue, 31 Aug 2021 13:22:19 +0000",/shows/edb1ac3c-440b-4633-ace3-4abc3b29eb9e/ep/334e7edf-8131-4df8-8807-885bfc4db440,"<script async defer onload=""redcircleIframe();"" src=""https://api.podcache.net/embedded-player/sh/334e7edf-8131-4df8-8807-885bfc4db440""></script>
<div class=""redcirclePlayer-334e7edf-8131-4df8-8807-885bfc4db440""></div>
<style>
.redcircle-link:link {
    color: #ea404d;
    text-decoration: none;
}
.redcircle-link:hover {
    color: #ea404d;
}
.redcircle-link:active {
    color: #ea404d;
}
.redcircle-link:visited {
    color: #ea404d;
}
</style>
<p style=""margin-top:3px;margin-left:11px;font-family: sans-serif;font-size: 10px; color: gray;"">Powered by <a class=""redcircle-link"" href=""https://redcircle.com?utm_source=rc_embedded_player&utm_medium=web&utm_campaign=embedded_v1"">RedCircle</a></p>"
McDonald's Sales Strategy,"Published on Tue, 24 Aug 2021 08:30:00 +0000",/shows/edb1ac3c-440b-4633-ace3-4abc3b29eb9e/ep/bc850c8b-69f2-4887-823b-3b1d0356f83c,"<script async defer onload=""redcircleIframe();"" src=""https://api.podcache.net/embedded-player/sh/bc850c8b-69f2-4887-823b-3b1d0356f83c""></script>
<div class=""redcirclePlayer-bc850c8b-69f2-4887-823b-3b1d0356f83c""></div>
<style>
.redcircle-link:link {
    color: #ea404d;
    text-decoration: none;
}
.redcircle-link:hover {
    color: #ea404d;
}
.redcircle-link:active {
    color: #ea404d;
}
.redcircle-link:visited {
    color: #ea404d;
}
</style>
<p style=""margin-top:3px;margin-left:11px;font-family: sans-serif;font-size: 10px; color: gray;"">Powered by <a class=""redcircle-link"" href=""https://redcircle.com?utm_source=rc_embedded_player&utm_medium=web&utm_campaign=embedded_v1"">RedCircle</a></p>"
What You Need to Know to Be Successful at  Selling,"Published on Tue, 17 Aug 2021 11:26:25 +0000",/shows/edb1ac3c-440b-4633-ace3-4abc3b29eb9e/ep/d65a5fc6-eb52-40b1-a94f-be6b6a856490,"<script async defer onload=""redcircleIframe();"" src=""https://api.podcache.net/embedded-player/sh/d65a5fc6-eb52-40b1-a94f-be6b6a856490""></script>
<div class=""redcirclePlayer-d65a5fc6-eb52-40b1-a94f-be6b6a856490""></div>
<style>
.redcircle-link:link {
    color: #ea404d;
    text-decoration: none;
}
.redcircle-link:hover {
    color: #ea404d;
}
.redcircle-link:active {
    color: #ea404d;
}
.redcircle-link:visited {
    color: #ea404d;
}
</style>
<p style=""margin-top:3px;margin-left:11px;font-family: sans-serif;font-size: 10px; color: gray;"">Powered by <a class=""redcircle-link"" href=""https://redcircle.com?utm_source=rc_embedded_player&utm_medium=web&utm_campaign=embedded_v1"">RedCircle</a></p>"
Story Selling,"Published on Tue, 10 Aug 2021 08:36:54 +0000",/shows/edb1ac3c-440b-4633-ace3-4abc3b29eb9e/ep/bfe98c13-a9fa-4cf7-bc95-e595196dbd33,"<script async defer onload=""redcircleIframe();"" src=""https://api.podcache.net/embedded-player/sh/bfe98c13-a9fa-4cf7-bc95-e595196dbd33""></script>
<div class=""redcirclePlayer-bfe98c13-a9fa-4cf7-bc95-e595196dbd33""></div>
<style>
.redcircle-link:link {
    color: #ea404d;
    text-decoration: none;
}
.redcircle-link:hover {
    color: #ea404d;
}
.redcircle-link:active {
    color: #ea404d;
}
.redcircle-link:visited {
    color: #ea404d;
}
</style>
<p style=""margin-top:3px;margin-left:11px;font-family: sans-serif;font-size: 10px; color: gray;"">Powered by <a class=""redcircle-link"" href=""https://redcircle.com?utm_source=rc_embedded_player&utm_medium=web&utm_campaign=embedded_v1"">RedCircle</a></p>"
3 Simple Strategies to Sell Out Masterminds (feat. Mark Keene),"Published on Tue, 03 Aug 2021 12:30:53 +0000",/shows/edb1ac3c-440b-4633-ace3-4abc3b29eb9e/ep/2fffb18b-0654-42d8-9e9a-612ba2bec224,"<script async defer onload=""redcircleIframe();"" src=""https://api.podcache.net/embedded-player/sh/2fffb18b-0654-42d8-9e9a-612ba2bec224""></script>
<div class=""redcirclePlayer-2fffb18b-0654-42d8-9e9a-612ba2bec224""></div>
<style>
.redcircle-link:link {
    color: #ea404d;
    text-decoration: none;
}
.redcircle-link:hover {
    color: #ea404d;
}
.redcircle-link:active {
    color: #ea404d;
}
.redcircle-link:visited {
    color: #ea404d;
}
</style>
<p style=""margin-top:3px;margin-left:11px;font-family: sans-serif;font-size: 10px; color: gray;"">Powered by <a class=""redcircle-link"" href=""https://redcircle.com?utm_source=rc_embedded_player&utm_medium=web&utm_campaign=embedded_v1"">RedCircle</a></p>"
Marketing & Sales: Creating Harmony with Your Campaigns,"Published on Tue, 27 Jul 2021 09:00:00 +0000",/shows/edb1ac3c-440b-4633-ace3-4abc3b29eb9e/ep/5528f689-59ce-4737-8485-26e6b16fe9d7,"<script async defer onload=""redcircleIframe();"" src=""https://api.podcache.net/embedded-player/sh/5528f689-59ce-4737-8485-26e6b16fe9d7""></script>
<div class=""redcirclePlayer-5528f689-59ce-4737-8485-26e6b16fe9d7""></div>
<style>
.redcircle-link:link {
    color: #ea404d;
    text-decoration: none;
}
.redcircle-link:hover {
    color: #ea404d;
}
.redcircle-link:active {
    color: #ea404d;
}
.redcircle-link:visited {
    color: #ea404d;
}
</style>
<p style=""margin-top:3px;margin-left:11px;font-family: sans-serif;font-size: 10px; color: gray;"">Powered by <a class=""redcircle-link"" href=""https://redcircle.com?utm_source=rc_embedded_player&utm_medium=web&utm_campaign=embedded_v1"">RedCircle</a></p>"
3 Reasons Why You Struggle to Sell,"Published on Tue, 20 Jul 2021 08:30:00 +0000",/shows/edb1ac3c-440b-4633-ace3-4abc3b29eb9e/ep/bc359240-1afd-4702-bbdb-99a2f1fea4a9,"<script async defer onload=""redcircleIframe();"" src=""https://api.podcache.net/embedded-player/sh/bc359240-1afd-4702-bbdb-99a2f1fea4a9""></script>
<div class=""redcirclePlayer-bc359240-1afd-4702-bbdb-99a2f1fea4a9""></div>
<style>
.redcircle-link:link {
    color: #ea404d;
    text-decoration: none;
}
.redcircle-link:hover {
    color: #ea404d;
}
.redcircle-link:active {
    color: #ea404d;
}
.redcircle-link:visited {
    color: #ea404d;
}
</style>
<p style=""margin-top:3px;margin-left:11px;font-family: sans-serif;font-size: 10px; color: gray;"">Powered by <a class=""redcircle-link"" href=""https://redcircle.com?utm_source=rc_embedded_player&utm_medium=web&utm_campaign=embedded_v1"">RedCircle</a></p>"
5 Simple Strategies to Deal with Sales Rejection,"Published on Tue, 13 Jul 2021 08:30:00 +0000",/shows/edb1ac3c-440b-4633-ace3-4abc3b29eb9e/ep/dd8887f9-a6e5-4eef-bfa2-6361f6842327,"<script async defer onload=""redcircleIframe();"" src=""https://api.podcache.net/embedded-player/sh/dd8887f9-a6e5-4eef-bfa2-6361f6842327""></script>
<div class=""redcirclePlayer-dd8887f9-a6e5-4eef-bfa2-6361f6842327""></div>
<style>
.redcircle-link:link {
    color: #ea404d;
    text-decoration: none;
}
.redcircle-link:hover {
    color: #ea404d;
}
.redcircle-link:active {
    color: #ea404d;
}
.redcircle-link:visited {
    color: #ea404d;
}
</style>
<p style=""margin-top:3px;margin-left:11px;font-family: sans-serif;font-size: 10px; color: gray;"">Powered by <a class=""redcircle-link"" href=""https://redcircle.com?utm_source=rc_embedded_player&utm_medium=web&utm_campaign=embedded_v1"">RedCircle</a></p>"
5 Sales Myths You Need to Know,"Published on Tue, 06 Jul 2021 08:30:00 +0000",/shows/edb1ac3c-440b-4633-ace3-4abc3b29eb9e/ep/d5e399e1-1c8e-4f11-937f-4ac73181ad21,"<script async defer onload=""redcircleIframe();"" src=""https://api.podcache.net/embedded-player/sh/d5e399e1-1c8e-4f11-937f-4ac73181ad21""></script>
<div class=""redcirclePlayer-d5e399e1-1c8e-4f11-937f-4ac73181ad21""></div>
<style>
.redcircle-link:link {
    color: #ea404d;
    text-decoration: none;
}
.redcircle-link:hover {
    color: #ea404d;
}
.redcircle-link:active {
    color: #ea404d;
}
.redcircle-link:visited {
    color: #ea404d;
}
</style>
<p style=""margin-top:3px;margin-left:11px;font-family: sans-serif;font-size: 10px; color: gray;"">Powered by <a class=""redcircle-link"" href=""https://redcircle.com?utm_source=rc_embedded_player&utm_medium=web&utm_campaign=embedded_v1"">RedCircle</a></p>"
The Journey to 100 Episodes,"Published on Tue, 29 Jun 2021 09:30:00 +0000",/shows/edb1ac3c-440b-4633-ace3-4abc3b29eb9e/ep/0fb7944c-deee-454b-93f2-916cc24662ba,"<script async defer onload=""redcircleIframe();"" src=""https://api.podcache.net/embedded-player/sh/0fb7944c-deee-454b-93f2-916cc24662ba""></script>
<div class=""redcirclePlayer-0fb7944c-deee-454b-93f2-916cc24662ba""></div>
<style>
.redcircle-link:link {
    color: #ea404d;
    text-decoration: none;
}
.redcircle-link:hover {
    color: #ea404d;
}
.redcircle-link:active {
    color: #ea404d;
}
.redcircle-link:visited {
    color: #ea404d;
}
</style>
<p style=""margin-top:3px;margin-left:11px;font-family: sans-serif;font-size: 10px; color: gray;"">Powered by <a class=""redcircle-link"" href=""https://redcircle.com?utm_source=rc_embedded_player&utm_medium=web&utm_campaign=embedded_v1"">RedCircle</a></p>"
What Every Customer Really Wants From Your Business,"Published on Tue, 22 Jun 2021 08:00:00 +0000",/shows/edb1ac3c-440b-4633-ace3-4abc3b29eb9e/ep/d2573996-0102-49c2-ac8c-c61d9a1cd42c,"<script async defer onload=""redcircleIframe();"" src=""https://api.podcache.net/embedded-player/sh/d2573996-0102-49c2-ac8c-c61d9a1cd42c""></script>
<div class=""redcirclePlayer-d2573996-0102-49c2-ac8c-c61d9a1cd42c""></div>
<style>
.redcircle-link:link {
    color: #ea404d;
    text-decoration: none;
}
.redcircle-link:hover {
    color: #ea404d;
}
.redcircle-link:active {
    color: #ea404d;
}
.redcircle-link:visited {
    color: #ea404d;
}
</style>
<p style=""margin-top:3px;margin-left:11px;font-family: sans-serif;font-size: 10px; color: gray;"">Powered by <a class=""redcircle-link"" href=""https://redcircle.com?utm_source=rc_embedded_player&utm_medium=web&utm_campaign=embedded_v1"">RedCircle</a></p>"
The Secret That the Smartest Entrepreneurs Use to Scale Their Business,"Published on Tue, 15 Jun 2021 08:00:00 +0000",/shows/edb1ac3c-440b-4633-ace3-4abc3b29eb9e/ep/16d52b1f-2d41-4280-9694-9c9a71994283,"<script async defer onload=""redcircleIframe();"" src=""https://api.podcache.net/embedded-player/sh/16d52b1f-2d41-4280-9694-9c9a71994283""></script>
<div class=""redcirclePlayer-16d52b1f-2d41-4280-9694-9c9a71994283""></div>
<style>
.redcircle-link:link {
    color: #ea404d;
    text-decoration: none;
}
.redcircle-link:hover {
    color: #ea404d;
}
.redcircle-link:active {
    color: #ea404d;
}
.redcircle-link:visited {
    color: #ea404d;
}
</style>
<p style=""margin-top:3px;margin-left:11px;font-family: sans-serif;font-size: 10px; color: gray;"">Powered by <a class=""redcircle-link"" href=""https://redcircle.com?utm_source=rc_embedded_player&utm_medium=web&utm_campaign=embedded_v1"">RedCircle</a></p>"
ClubHouse Sales Strategies - An Update On How to Get High Quality Leads and Clients,"Published on Tue, 08 Jun 2021 08:30:00 +0000",/shows/edb1ac3c-440b-4633-ace3-4abc3b29eb9e/ep/43207e0c-1753-412b-86b3-28974e6a43dc,"<script async defer onload=""redcircleIframe();"" src=""https://api.podcache.net/embedded-player/sh/43207e0c-1753-412b-86b3-28974e6a43dc""></script>
<div class=""redcirclePlayer-43207e0c-1753-412b-86b3-28974e6a43dc""></div>
<style>
.redcircle-link:link {
    color: #ea404d;
    text-decoration: none;
}
.redcircle-link:hover {
    color: #ea404d;
}
.redcircle-link:active {
    color: #ea404d;
}
.redcircle-link:visited {
    color: #ea404d;
}
</style>
<p style=""margin-top:3px;margin-left:11px;font-family: sans-serif;font-size: 10px; color: gray;"">Powered by <a class=""redcircle-link"" href=""https://redcircle.com?utm_source=rc_embedded_player&utm_medium=web&utm_campaign=embedded_v1"">RedCircle</a></p>"
The Single Biggest Lie You Need to Stop Telling Yourself Right Now,"Published on Tue, 01 Jun 2021 11:30:00 +0000",/shows/edb1ac3c-440b-4633-ace3-4abc3b29eb9e/ep/924c90f7-f11c-41e4-9e3d-2cc224033a8e,"<script async defer onload=""redcircleIframe();"" src=""https://api.podcache.net/embedded-player/sh/924c90f7-f11c-41e4-9e3d-2cc224033a8e""></script>
<div class=""redcirclePlayer-924c90f7-f11c-41e4-9e3d-2cc224033a8e""></div>
<style>
.redcircle-link:link {
    color: #ea404d;
    text-decoration: none;
}
.redcircle-link:hover {
    color: #ea404d;
}
.redcircle-link:active {
    color: #ea404d;
}
.redcircle-link:visited {
    color: #ea404d;
}
</style>
<p style=""margin-top:3px;margin-left:11px;font-family: sans-serif;font-size: 10px; color: gray;"">Powered by <a class=""redcircle-link"" href=""https://redcircle.com?utm_source=rc_embedded_player&utm_medium=web&utm_campaign=embedded_v1"">RedCircle</a></p>"
3 Biggest Mistakes that Kill Your Sales and Simple Ways to Fix it Now,"Published on Tue, 25 May 2021 13:21:19 +0000",/shows/edb1ac3c-440b-4633-ace3-4abc3b29eb9e/ep/e01ff917-1ba1-4514-b6cc-63e12b63411e,"<script async defer onload=""redcircleIframe();"" src=""https://api.podcache.net/embedded-player/sh/e01ff917-1ba1-4514-b6cc-63e12b63411e""></script>
<div class=""redcirclePlayer-e01ff917-1ba1-4514-b6cc-63e12b63411e""></div>
<style>
.redcircle-link:link {
    color: #ea404d;
    text-decoration: none;
}
.redcircle-link:hover {
    color: #ea404d;
}
.redcircle-link:active {
    color: #ea404d;
}
.redcircle-link:visited {
    color: #ea404d;
}
</style>
<p style=""margin-top:3px;margin-left:11px;font-family: sans-serif;font-size: 10px; color: gray;"">Powered by <a class=""redcircle-link"" href=""https://redcircle.com?utm_source=rc_embedded_player&utm_medium=web&utm_campaign=embedded_v1"">RedCircle</a></p>"
How to Get Your Next 100 Leads Even If You Are Pivoting or Starting From Zero,"Published on Tue, 18 May 2021 08:30:00 +0000",/shows/edb1ac3c-440b-4633-ace3-4abc3b29eb9e/ep/ae56bf95-9323-4cd9-a5d7-1fa99966850b,"<script async defer onload=""redcircleIframe();"" src=""https://api.podcache.net/embedded-player/sh/ae56bf95-9323-4cd9-a5d7-1fa99966850b""></script>
<div class=""redcirclePlayer-ae56bf95-9323-4cd9-a5d7-1fa99966850b""></div>
<style>
.redcircle-link:link {
    color: #ea404d;
    text-decoration: none;
}
.redcircle-link:hover {
    color: #ea404d;
}
.redcircle-link:active {
    color: #ea404d;
}
.redcircle-link:visited {
    color: #ea404d;
}
</style>
<p style=""margin-top:3px;margin-left:11px;font-family: sans-serif;font-size: 10px; color: gray;"">Powered by <a class=""redcircle-link"" href=""https://redcircle.com?utm_source=rc_embedded_player&utm_medium=web&utm_campaign=embedded_v1"">RedCircle</a></p>"
Selling 4X More Than the Average Realtor (During a Pandemic) feat. Kendra Conyers,"Published on Tue, 11 May 2021 08:30:00 +0000",/shows/edb1ac3c-440b-4633-ace3-4abc3b29eb9e/ep/d255212c-f969-4988-aade-4e330f2302d1,"<script async defer onload=""redcircleIframe();"" src=""https://api.podcache.net/embedded-player/sh/d255212c-f969-4988-aade-4e330f2302d1""></script>
<div class=""redcirclePlayer-d255212c-f969-4988-aade-4e330f2302d1""></div>
<style>
.redcircle-link:link {
    color: #ea404d;
    text-decoration: none;
}
.redcircle-link:hover {
    color: #ea404d;
}
.redcircle-link:active {
    color: #ea404d;
}
.redcircle-link:visited {
    color: #ea404d;
}
</style>
<p style=""margin-top:3px;margin-left:11px;font-family: sans-serif;font-size: 10px; color: gray;"">Powered by <a class=""redcircle-link"" href=""https://redcircle.com?utm_source=rc_embedded_player&utm_medium=web&utm_campaign=embedded_v1"">RedCircle</a></p>"
How to Successfully Pre-sell Your Offer Without Complicated Strategies,"Published on Tue, 04 May 2021 11:58:58 +0000",/shows/edb1ac3c-440b-4633-ace3-4abc3b29eb9e/ep/7ebf4ae9-cc1a-4ddf-b8a8-114e41ebecd5,"<script async defer onload=""redcircleIframe();"" src=""https://api.podcache.net/embedded-player/sh/7ebf4ae9-cc1a-4ddf-b8a8-114e41ebecd5""></script>
<div class=""redcirclePlayer-7ebf4ae9-cc1a-4ddf-b8a8-114e41ebecd5""></div>
<style>
.redcircle-link:link {
    color: #ea404d;
    text-decoration: none;
}
.redcircle-link:hover {
    color: #ea404d;
}
.redcircle-link:active {
    color: #ea404d;
}
.redcircle-link:visited {
    color: #ea404d;
}
</style>
<p style=""margin-top:3px;margin-left:11px;font-family: sans-serif;font-size: 10px; color: gray;"">Powered by <a class=""redcircle-link"" href=""https://redcircle.com?utm_source=rc_embedded_player&utm_medium=web&utm_campaign=embedded_v1"">RedCircle</a></p>"
Selling Once For Ongoing Monthly Recurring Revenue,"Published on Tue, 27 Apr 2021 08:00:00 +0000",/shows/edb1ac3c-440b-4633-ace3-4abc3b29eb9e/ep/05f04fb5-784b-42b5-b67f-fb28cd0413d0,"<script async defer onload=""redcircleIframe();"" src=""https://api.podcache.net/embedded-player/sh/05f04fb5-784b-42b5-b67f-fb28cd0413d0""></script>
<div class=""redcirclePlayer-05f04fb5-784b-42b5-b67f-fb28cd0413d0""></div>
<style>
.redcircle-link:link {
    color: #ea404d;
    text-decoration: none;
}
.redcircle-link:hover {
    color: #ea404d;
}
.redcircle-link:active {
    color: #ea404d;
}
.redcircle-link:visited {
    color: #ea404d;
}
</style>
<p style=""margin-top:3px;margin-left:11px;font-family: sans-serif;font-size: 10px; color: gray;"">Powered by <a class=""redcircle-link"" href=""https://redcircle.com?utm_source=rc_embedded_player&utm_medium=web&utm_campaign=embedded_v1"">RedCircle</a></p>"
Leverage Time Using Courses and Memberships to Increase Sales,"Published on Tue, 20 Apr 2021 08:00:00 +0000",/shows/edb1ac3c-440b-4633-ace3-4abc3b29eb9e/ep/f535cba2-2e87-473a-baa7-a217a7a45a9f,"<script async defer onload=""redcircleIframe();"" src=""https://api.podcache.net/embedded-player/sh/f535cba2-2e87-473a-baa7-a217a7a45a9f""></script>
<div class=""redcirclePlayer-f535cba2-2e87-473a-baa7-a217a7a45a9f""></div>
<style>
.redcircle-link:link {
    color: #ea404d;
    text-decoration: none;
}
.redcircle-link:hover {
    color: #ea404d;
}
.redcircle-link:active {
    color: #ea404d;
}
.redcircle-link:visited {
    color: #ea404d;
}
</style>
<p style=""margin-top:3px;margin-left:11px;font-family: sans-serif;font-size: 10px; color: gray;"">Powered by <a class=""redcircle-link"" href=""https://redcircle.com?utm_source=rc_embedded_player&utm_medium=web&utm_campaign=embedded_v1"">RedCircle</a></p>"
Which Metric Could Be Causing More Work for You Without You Realizing It,"Published on Tue, 13 Apr 2021 12:25:12 +0000",/shows/edb1ac3c-440b-4633-ace3-4abc3b29eb9e/ep/9bdfccf2-5223-45c9-b753-9844b80d71e4,"<script async defer onload=""redcircleIframe();"" src=""https://api.podcache.net/embedded-player/sh/9bdfccf2-5223-45c9-b753-9844b80d71e4""></script>
<div class=""redcirclePlayer-9bdfccf2-5223-45c9-b753-9844b80d71e4""></div>
<style>
.redcircle-link:link {
    color: #ea404d;
    text-decoration: none;
}
.redcircle-link:hover {
    color: #ea404d;
}
.redcircle-link:active {
    color: #ea404d;
}
.redcircle-link:visited {
    color: #ea404d;
}
</style>
<p style=""margin-top:3px;margin-left:11px;font-family: sans-serif;font-size: 10px; color: gray;"">Powered by <a class=""redcircle-link"" href=""https://redcircle.com?utm_source=rc_embedded_player&utm_medium=web&utm_campaign=embedded_v1"">RedCircle</a></p>"
7 Income Streams to Help You Create Millionaire Level Wealth,"Published on Tue, 06 Apr 2021 08:00:00 +0000",/shows/edb1ac3c-440b-4633-ace3-4abc3b29eb9e/ep/4b3b6b92-f29c-42aa-965a-872ce1bace1a,"<script async defer onload=""redcircleIframe();"" src=""https://api.podcache.net/embedded-player/sh/4b3b6b92-f29c-42aa-965a-872ce1bace1a""></script>
<div class=""redcirclePlayer-4b3b6b92-f29c-42aa-965a-872ce1bace1a""></div>
<style>
.redcircle-link:link {
    color: #ea404d;
    text-decoration: none;
}
.redcircle-link:hover {
    color: #ea404d;
}
.redcircle-link:active {
    color: #ea404d;
}
.redcircle-link:visited {
    color: #ea404d;
}
</style>
<p style=""margin-top:3px;margin-left:11px;font-family: sans-serif;font-size: 10px; color: gray;"">Powered by <a class=""redcircle-link"" href=""https://redcircle.com?utm_source=rc_embedded_player&utm_medium=web&utm_campaign=embedded_v1"">RedCircle</a></p>"
Why Sales Conversations Go Horribly Wrong,"Published on Tue, 30 Mar 2021 08:00:00 +0000",/shows/edb1ac3c-440b-4633-ace3-4abc3b29eb9e/ep/35ef98f0-bb5c-4ce1-b8d9-0eaa3af9b327,"<script async defer onload=""redcircleIframe();"" src=""https://api.podcache.net/embedded-player/sh/35ef98f0-bb5c-4ce1-b8d9-0eaa3af9b327""></script>
<div class=""redcirclePlayer-35ef98f0-bb5c-4ce1-b8d9-0eaa3af9b327""></div>
<style>
.redcircle-link:link {
    color: #ea404d;
    text-decoration: none;
}
.redcircle-link:hover {
    color: #ea404d;
}
.redcircle-link:active {
    color: #ea404d;
}
.redcircle-link:visited {
    color: #ea404d;
}
</style>
<p style=""margin-top:3px;margin-left:11px;font-family: sans-serif;font-size: 10px; color: gray;"">Powered by <a class=""redcircle-link"" href=""https://redcircle.com?utm_source=rc_embedded_player&utm_medium=web&utm_campaign=embedded_v1"">RedCircle</a></p>"
The 17 Steps to the Common Path to Uncommon Success feat. John Lee Dumas,"Published on Tue, 23 Mar 2021 09:30:00 +0000",/shows/edb1ac3c-440b-4633-ace3-4abc3b29eb9e/ep/1c674b2c-1fb0-47e6-977f-0985ff8cf94f,"<script async defer onload=""redcircleIframe();"" src=""https://api.podcache.net/embedded-player/sh/1c674b2c-1fb0-47e6-977f-0985ff8cf94f""></script>
<div class=""redcirclePlayer-1c674b2c-1fb0-47e6-977f-0985ff8cf94f""></div>
<style>
.redcircle-link:link {
    color: #ea404d;
    text-decoration: none;
}
.redcircle-link:hover {
    color: #ea404d;
}
.redcircle-link:active {
    color: #ea404d;
}
.redcircle-link:visited {
    color: #ea404d;
}
</style>
<p style=""margin-top:3px;margin-left:11px;font-family: sans-serif;font-size: 10px; color: gray;"">Powered by <a class=""redcircle-link"" href=""https://redcircle.com?utm_source=rc_embedded_player&utm_medium=web&utm_campaign=embedded_v1"">RedCircle</a></p>"
How to Value Properly,"Published on Tue, 16 Mar 2021 13:01:42 +0000",/shows/edb1ac3c-440b-4633-ace3-4abc3b29eb9e/ep/811ba56b-72a0-47eb-ac48-bf90d33e38d6,"<script async defer onload=""redcircleIframe();"" src=""https://api.podcache.net/embedded-player/sh/811ba56b-72a0-47eb-ac48-bf90d33e38d6""></script>
<div class=""redcirclePlayer-811ba56b-72a0-47eb-ac48-bf90d33e38d6""></div>
<style>
.redcircle-link:link {
    color: #ea404d;
    text-decoration: none;
}
.redcircle-link:hover {
    color: #ea404d;
}
.redcircle-link:active {
    color: #ea404d;
}
.redcircle-link:visited {
    color: #ea404d;
}
</style>
<p style=""margin-top:3px;margin-left:11px;font-family: sans-serif;font-size: 10px; color: gray;"">Powered by <a class=""redcircle-link"" href=""https://redcircle.com?utm_source=rc_embedded_player&utm_medium=web&utm_campaign=embedded_v1"">RedCircle</a></p>"
Using Your Signature Story Vault to Sell feat. Expert Merav Richter,"Published on Tue, 09 Mar 2021 09:00:00 +0000",/shows/edb1ac3c-440b-4633-ace3-4abc3b29eb9e/ep/353bb6ae-e585-4a31-b52a-4c61fce98e79,"<script async defer onload=""redcircleIframe();"" src=""https://api.podcache.net/embedded-player/sh/353bb6ae-e585-4a31-b52a-4c61fce98e79""></script>
<div class=""redcirclePlayer-353bb6ae-e585-4a31-b52a-4c61fce98e79""></div>
<style>
.redcircle-link:link {
    color: #ea404d;
    text-decoration: none;
}
.redcircle-link:hover {
    color: #ea404d;
}
.redcircle-link:active {
    color: #ea404d;
}
.redcircle-link:visited {
    color: #ea404d;
}
</style>
<p style=""margin-top:3px;margin-left:11px;font-family: sans-serif;font-size: 10px; color: gray;"">Powered by <a class=""redcircle-link"" href=""https://redcircle.com?utm_source=rc_embedded_player&utm_medium=web&utm_campaign=embedded_v1"">RedCircle</a></p>"
How to Make Sure Your Sales Funnel Actually Converts Leads to Paying Customers,"Published on Tue, 02 Mar 2021 09:00:00 +0000",/shows/edb1ac3c-440b-4633-ace3-4abc3b29eb9e/ep/01fc86fa-6a5d-484d-bf59-ab725f30fe3d,"<script async defer onload=""redcircleIframe();"" src=""https://api.podcache.net/embedded-player/sh/01fc86fa-6a5d-484d-bf59-ab725f30fe3d""></script>
<div class=""redcirclePlayer-01fc86fa-6a5d-484d-bf59-ab725f30fe3d""></div>
<style>
.redcircle-link:link {
    color: #ea404d;
    text-decoration: none;
}
.redcircle-link:hover {
    color: #ea404d;
}
.redcircle-link:active {
    color: #ea404d;
}
.redcircle-link:visited {
    color: #ea404d;
}
</style>
<p style=""margin-top:3px;margin-left:11px;font-family: sans-serif;font-size: 10px; color: gray;"">Powered by <a class=""redcircle-link"" href=""https://redcircle.com?utm_source=rc_embedded_player&utm_medium=web&utm_campaign=embedded_v1"">RedCircle</a></p>"
Increasing A Sales Opportunity By 6X In 10 Minutes,"Published on Tue, 23 Feb 2021 09:00:00 +0000",/shows/edb1ac3c-440b-4633-ace3-4abc3b29eb9e/ep/8f5e0315-4d6e-488d-a062-67d018bee3f7,"<script async defer onload=""redcircleIframe();"" src=""https://api.podcache.net/embedded-player/sh/8f5e0315-4d6e-488d-a062-67d018bee3f7""></script>
<div class=""redcirclePlayer-8f5e0315-4d6e-488d-a062-67d018bee3f7""></div>
<style>
.redcircle-link:link {
    color: #ea404d;
    text-decoration: none;
}
.redcircle-link:hover {
    color: #ea404d;
}
.redcircle-link:active {
    color: #ea404d;
}
.redcircle-link:visited {
    color: #ea404d;
}
</style>
<p style=""margin-top:3px;margin-left:11px;font-family: sans-serif;font-size: 10px; color: gray;"">Powered by <a class=""redcircle-link"" href=""https://redcircle.com?utm_source=rc_embedded_player&utm_medium=web&utm_campaign=embedded_v1"">RedCircle</a></p>"
5 Strategies to Get More Clients Even With A Tiny List Audience Or Following,"Published on Tue, 16 Feb 2021 09:00:00 +0000",/shows/edb1ac3c-440b-4633-ace3-4abc3b29eb9e/ep/8737b5ab-bdc0-45c4-9469-35a955f460ce,"<script async defer onload=""redcircleIframe();"" src=""https://api.podcache.net/embedded-player/sh/8737b5ab-bdc0-45c4-9469-35a955f460ce""></script>
<div class=""redcirclePlayer-8737b5ab-bdc0-45c4-9469-35a955f460ce""></div>
<style>
.redcircle-link:link {
    color: #ea404d;
    text-decoration: none;
}
.redcircle-link:hover {
    color: #ea404d;
}
.redcircle-link:active {
    color: #ea404d;
}
.redcircle-link:visited {
    color: #ea404d;
}
</style>
<p style=""margin-top:3px;margin-left:11px;font-family: sans-serif;font-size: 10px; color: gray;"">Powered by <a class=""redcircle-link"" href=""https://redcircle.com?utm_source=rc_embedded_player&utm_medium=web&utm_campaign=embedded_v1"">RedCircle</a></p>"
How to Use Clarity to Be More Connected With Yourself And Improve Your Business At the Same Time (feat. Gigi Burke),"Published on Tue, 09 Feb 2021 09:00:00 +0000",/shows/edb1ac3c-440b-4633-ace3-4abc3b29eb9e/ep/b71b8ec2-3811-4728-a46f-81e5dc121bed,"<script async defer onload=""redcircleIframe();"" src=""https://api.podcache.net/embedded-player/sh/b71b8ec2-3811-4728-a46f-81e5dc121bed""></script>
<div class=""redcirclePlayer-b71b8ec2-3811-4728-a46f-81e5dc121bed""></div>
<style>
.redcircle-link:link {
    color: #ea404d;
    text-decoration: none;
}
.redcircle-link:hover {
    color: #ea404d;
}
.redcircle-link:active {
    color: #ea404d;
}
.redcircle-link:visited {
    color: #ea404d;
}
</style>
<p style=""margin-top:3px;margin-left:11px;font-family: sans-serif;font-size: 10px; color: gray;"">Powered by <a class=""redcircle-link"" href=""https://redcircle.com?utm_source=rc_embedded_player&utm_medium=web&utm_campaign=embedded_v1"">RedCircle</a></p>"
The #1 Reason Why You Don't See The Results You're Actually Looking For,"Published on Tue, 02 Feb 2021 09:00:00 +0000",/shows/edb1ac3c-440b-4633-ace3-4abc3b29eb9e/ep/a2715887-c1f0-473b-bcfe-7062f947b677,"<script async defer onload=""redcircleIframe();"" src=""https://api.podcache.net/embedded-player/sh/a2715887-c1f0-473b-bcfe-7062f947b677""></script>
<div class=""redcirclePlayer-a2715887-c1f0-473b-bcfe-7062f947b677""></div>
<style>
.redcircle-link:link {
    color: #ea404d;
    text-decoration: none;
}
.redcircle-link:hover {
    color: #ea404d;
}
.redcircle-link:active {
    color: #ea404d;
}
.redcircle-link:visited {
    color: #ea404d;
}
</style>
<p style=""margin-top:3px;margin-left:11px;font-family: sans-serif;font-size: 10px; color: gray;"">Powered by <a class=""redcircle-link"" href=""https://redcircle.com?utm_source=rc_embedded_player&utm_medium=web&utm_campaign=embedded_v1"">RedCircle</a></p>"
How to Know When You Need to Hire a Sales Team Member,"Published on Tue, 26 Jan 2021 09:00:00 +0000",/shows/edb1ac3c-440b-4633-ace3-4abc3b29eb9e/ep/4e19a3d8-6153-42d5-adf6-aa0b8e8d41f9,"<script async defer onload=""redcircleIframe();"" src=""https://api.podcache.net/embedded-player/sh/4e19a3d8-6153-42d5-adf6-aa0b8e8d41f9""></script>
<div class=""redcirclePlayer-4e19a3d8-6153-42d5-adf6-aa0b8e8d41f9""></div>
<style>
.redcircle-link:link {
    color: #ea404d;
    text-decoration: none;
}
.redcircle-link:hover {
    color: #ea404d;
}
.redcircle-link:active {
    color: #ea404d;
}
.redcircle-link:visited {
    color: #ea404d;
}
</style>
<p style=""margin-top:3px;margin-left:11px;font-family: sans-serif;font-size: 10px; color: gray;"">Powered by <a class=""redcircle-link"" href=""https://redcircle.com?utm_source=rc_embedded_player&utm_medium=web&utm_campaign=embedded_v1"">RedCircle</a></p>"
"How to Market Differently to Maximize Your Opportunities With Hot, Warm and Cold Leads","Published on Tue, 19 Jan 2021 09:00:00 +0000",/shows/edb1ac3c-440b-4633-ace3-4abc3b29eb9e/ep/f42df3b9-fb0b-4a36-a298-b56a2bab9777,"<script async defer onload=""redcircleIframe();"" src=""https://api.podcache.net/embedded-player/sh/f42df3b9-fb0b-4a36-a298-b56a2bab9777""></script>
<div class=""redcirclePlayer-f42df3b9-fb0b-4a36-a298-b56a2bab9777""></div>
<style>
.redcircle-link:link {
    color: #ea404d;
    text-decoration: none;
}
.redcircle-link:hover {
    color: #ea404d;
}
.redcircle-link:active {
    color: #ea404d;
}
.redcircle-link:visited {
    color: #ea404d;
}
</style>
<p style=""margin-top:3px;margin-left:11px;font-family: sans-serif;font-size: 10px; color: gray;"">Powered by <a class=""redcircle-link"" href=""https://redcircle.com?utm_source=rc_embedded_player&utm_medium=web&utm_campaign=embedded_v1"">RedCircle</a></p>"
"Key Differences Between Hot, Warm and Cold Leads","Published on Tue, 12 Jan 2021 09:00:00 +0000",/shows/edb1ac3c-440b-4633-ace3-4abc3b29eb9e/ep/0650b00a-54f4-47ef-9592-1b24e8c21d41,"<script async defer onload=""redcircleIframe();"" src=""https://api.podcache.net/embedded-player/sh/0650b00a-54f4-47ef-9592-1b24e8c21d41""></script>
<div class=""redcirclePlayer-0650b00a-54f4-47ef-9592-1b24e8c21d41""></div>
<style>
.redcircle-link:link {
    color: #ea404d;
    text-decoration: none;
}
.redcircle-link:hover {
    color: #ea404d;
}
.redcircle-link:active {
    color: #ea404d;
}
.redcircle-link:visited {
    color: #ea404d;
}
</style>
<p style=""margin-top:3px;margin-left:11px;font-family: sans-serif;font-size: 10px; color: gray;"">Powered by <a class=""redcircle-link"" href=""https://redcircle.com?utm_source=rc_embedded_player&utm_medium=web&utm_campaign=embedded_v1"">RedCircle</a></p>"
How to Create Mental Market Share and Start Selling in a New Authentic Way,"Published on Tue, 05 Jan 2021 09:00:00 +0000",/shows/edb1ac3c-440b-4633-ace3-4abc3b29eb9e/ep/be2ace36-c784-46c9-91a3-1fc8e8be1f5d,"<script async defer onload=""redcircleIframe();"" src=""https://api.podcache.net/embedded-player/sh/be2ace36-c784-46c9-91a3-1fc8e8be1f5d""></script>
<div class=""redcirclePlayer-be2ace36-c784-46c9-91a3-1fc8e8be1f5d""></div>
<style>
.redcircle-link:link {
    color: #ea404d;
    text-decoration: none;
}
.redcircle-link:hover {
    color: #ea404d;
}
.redcircle-link:active {
    color: #ea404d;
}
.redcircle-link:visited {
    color: #ea404d;
}
</style>
<p style=""margin-top:3px;margin-left:11px;font-family: sans-serif;font-size: 10px; color: gray;"">Powered by <a class=""redcircle-link"" href=""https://redcircle.com?utm_source=rc_embedded_player&utm_medium=web&utm_campaign=embedded_v1"">RedCircle</a></p>"
Top 5 Marketing/Sales Trends to Grow Your Business in 2021,"Published on Tue, 29 Dec 2020 09:00:00 +0000",/shows/edb1ac3c-440b-4633-ace3-4abc3b29eb9e/ep/22ebaa90-a31e-4207-b2f1-f65eb0831484,"<script async defer onload=""redcircleIframe();"" src=""https://api.podcache.net/embedded-player/sh/22ebaa90-a31e-4207-b2f1-f65eb0831484""></script>
<div class=""redcirclePlayer-22ebaa90-a31e-4207-b2f1-f65eb0831484""></div>
<style>
.redcircle-link:link {
    color: #ea404d;
    text-decoration: none;
}
.redcircle-link:hover {
    color: #ea404d;
}
.redcircle-link:active {
    color: #ea404d;
}
.redcircle-link:visited {
    color: #ea404d;
}
</style>
<p style=""margin-top:3px;margin-left:11px;font-family: sans-serif;font-size: 10px; color: gray;"">Powered by <a class=""redcircle-link"" href=""https://redcircle.com?utm_source=rc_embedded_player&utm_medium=web&utm_campaign=embedded_v1"">RedCircle</a></p>"
Clubhouse: The Exclusive Invite Only Social App and 5 Strategies to Use it to Grow Your Business,"Published on Tue, 22 Dec 2020 09:00:00 +0000",/shows/edb1ac3c-440b-4633-ace3-4abc3b29eb9e/ep/05673dcc-fda9-445c-9fcc-555bf97668f7,"<script async defer onload=""redcircleIframe();"" src=""https://api.podcache.net/embedded-player/sh/05673dcc-fda9-445c-9fcc-555bf97668f7""></script>
<div class=""redcirclePlayer-05673dcc-fda9-445c-9fcc-555bf97668f7""></div>
<style>
.redcircle-link:link {
    color: #ea404d;
    text-decoration: none;
}
.redcircle-link:hover {
    color: #ea404d;
}
.redcircle-link:active {
    color: #ea404d;
}
.redcircle-link:visited {
    color: #ea404d;
}
</style>
<p style=""margin-top:3px;margin-left:11px;font-family: sans-serif;font-size: 10px; color: gray;"">Powered by <a class=""redcircle-link"" href=""https://redcircle.com?utm_source=rc_embedded_player&utm_medium=web&utm_campaign=embedded_v1"">RedCircle</a></p>"
"Content Marketing Systems to Create, Plan and Share Key Content on Social Media","Published on Tue, 15 Dec 2020 09:00:00 +0000",/shows/edb1ac3c-440b-4633-ace3-4abc3b29eb9e/ep/0238ec41-9d6a-4164-89d0-941572d299e5,"<script async defer onload=""redcircleIframe();"" src=""https://api.podcache.net/embedded-player/sh/0238ec41-9d6a-4164-89d0-941572d299e5""></script>
<div class=""redcirclePlayer-0238ec41-9d6a-4164-89d0-941572d299e5""></div>
<style>
.redcircle-link:link {
    color: #ea404d;
    text-decoration: none;
}
.redcircle-link:hover {
    color: #ea404d;
}
.redcircle-link:active {
    color: #ea404d;
}
.redcircle-link:visited {
    color: #ea404d;
}
</style>
<p style=""margin-top:3px;margin-left:11px;font-family: sans-serif;font-size: 10px; color: gray;"">Powered by <a class=""redcircle-link"" href=""https://redcircle.com?utm_source=rc_embedded_player&utm_medium=web&utm_campaign=embedded_v1"">RedCircle</a></p>"
Irresistible Lead Magnets to Get More Leads and Convert to Paying Clients,"Published on Tue, 08 Dec 2020 09:00:00 +0000",/shows/edb1ac3c-440b-4633-ace3-4abc3b29eb9e/ep/23addf03-fde8-4dd4-a9f9-e3f86fe7283a,"<script async defer onload=""redcircleIframe();"" src=""https://api.podcache.net/embedded-player/sh/23addf03-fde8-4dd4-a9f9-e3f86fe7283a""></script>
<div class=""redcirclePlayer-23addf03-fde8-4dd4-a9f9-e3f86fe7283a""></div>
<style>
.redcircle-link:link {
    color: #ea404d;
    text-decoration: none;
}
.redcircle-link:hover {
    color: #ea404d;
}
.redcircle-link:active {
    color: #ea404d;
}
.redcircle-link:visited {
    color: #ea404d;
}
</style>
<p style=""margin-top:3px;margin-left:11px;font-family: sans-serif;font-size: 10px; color: gray;"">Powered by <a class=""redcircle-link"" href=""https://redcircle.com?utm_source=rc_embedded_player&utm_medium=web&utm_campaign=embedded_v1"">RedCircle</a></p>"
How To Be Excited About What You're Offering,"Published on Tue, 01 Dec 2020 09:00:00 +0000",/shows/edb1ac3c-440b-4633-ace3-4abc3b29eb9e/ep/18c85964-c0a5-490b-8c2e-cd20d23791cc,"<script async defer onload=""redcircleIframe();"" src=""https://api.podcache.net/embedded-player/sh/18c85964-c0a5-490b-8c2e-cd20d23791cc""></script>
<div class=""redcirclePlayer-18c85964-c0a5-490b-8c2e-cd20d23791cc""></div>
<style>
.redcircle-link:link {
    color: #ea404d;
    text-decoration: none;
}
.redcircle-link:hover {
    color: #ea404d;
}
.redcircle-link:active {
    color: #ea404d;
}
.redcircle-link:visited {
    color: #ea404d;
}
</style>
<p style=""margin-top:3px;margin-left:11px;font-family: sans-serif;font-size: 10px; color: gray;"">Powered by <a class=""redcircle-link"" href=""https://redcircle.com?utm_source=rc_embedded_player&utm_medium=web&utm_campaign=embedded_v1"">RedCircle</a></p>"
Using Facebook Groups to Get Paying Clients,"Published on Tue, 24 Nov 2020 09:00:00 +0000",/shows/edb1ac3c-440b-4633-ace3-4abc3b29eb9e/ep/eee9b097-740b-4d86-9f9b-2466baf2b648,"<script async defer onload=""redcircleIframe();"" src=""https://api.podcache.net/embedded-player/sh/eee9b097-740b-4d86-9f9b-2466baf2b648""></script>
<div class=""redcirclePlayer-eee9b097-740b-4d86-9f9b-2466baf2b648""></div>
<style>
.redcircle-link:link {
    color: #ea404d;
    text-decoration: none;
}
.redcircle-link:hover {
    color: #ea404d;
}
.redcircle-link:active {
    color: #ea404d;
}
.redcircle-link:visited {
    color: #ea404d;
}
</style>
<p style=""margin-top:3px;margin-left:11px;font-family: sans-serif;font-size: 10px; color: gray;"">Powered by <a class=""redcircle-link"" href=""https://redcircle.com?utm_source=rc_embedded_player&utm_medium=web&utm_campaign=embedded_v1"">RedCircle</a></p>"
5 Essential Keys To Creating Your Irresistible Offer,"Published on Tue, 17 Nov 2020 09:00:00 +0000",/shows/edb1ac3c-440b-4633-ace3-4abc3b29eb9e/ep/afd18728-08f4-490d-a010-401fd59f1a41,"<script async defer onload=""redcircleIframe();"" src=""https://api.podcache.net/embedded-player/sh/afd18728-08f4-490d-a010-401fd59f1a41""></script>
<div class=""redcirclePlayer-afd18728-08f4-490d-a010-401fd59f1a41""></div>
<style>
.redcircle-link:link {
    color: #ea404d;
    text-decoration: none;
}
.redcircle-link:hover {
    color: #ea404d;
}
.redcircle-link:active {
    color: #ea404d;
}
.redcircle-link:visited {
    color: #ea404d;
}
</style>
<p style=""margin-top:3px;margin-left:11px;font-family: sans-serif;font-size: 10px; color: gray;"">Powered by <a class=""redcircle-link"" href=""https://redcircle.com?utm_source=rc_embedded_player&utm_medium=web&utm_campaign=embedded_v1"">RedCircle</a></p>"
3 Biggest Reasons Why Your Launch Flops,"Published on Tue, 10 Nov 2020 09:00:00 +0000",/shows/edb1ac3c-440b-4633-ace3-4abc3b29eb9e/ep/b6d6de50-ea82-4c8c-825a-5902cba2db20,"<script async defer onload=""redcircleIframe();"" src=""https://api.podcache.net/embedded-player/sh/b6d6de50-ea82-4c8c-825a-5902cba2db20""></script>
<div class=""redcirclePlayer-b6d6de50-ea82-4c8c-825a-5902cba2db20""></div>
<style>
.redcircle-link:link {
    color: #ea404d;
    text-decoration: none;
}
.redcircle-link:hover {
    color: #ea404d;
}
.redcircle-link:active {
    color: #ea404d;
}
.redcircle-link:visited {
    color: #ea404d;
}
</style>
<p style=""margin-top:3px;margin-left:11px;font-family: sans-serif;font-size: 10px; color: gray;"">Powered by <a class=""redcircle-link"" href=""https://redcircle.com?utm_source=rc_embedded_player&utm_medium=web&utm_campaign=embedded_v1"">RedCircle</a></p>"
3 Biggest Pricing Mistakes You May Not Know You're Making,"Published on Tue, 03 Nov 2020 09:00:00 +0000",/shows/edb1ac3c-440b-4633-ace3-4abc3b29eb9e/ep/c7d9a111-1a95-403b-a166-7efd963d5f1a,"<script async defer onload=""redcircleIframe();"" src=""https://api.podcache.net/embedded-player/sh/c7d9a111-1a95-403b-a166-7efd963d5f1a""></script>
<div class=""redcirclePlayer-c7d9a111-1a95-403b-a166-7efd963d5f1a""></div>
<style>
.redcircle-link:link {
    color: #ea404d;
    text-decoration: none;
}
.redcircle-link:hover {
    color: #ea404d;
}
.redcircle-link:active {
    color: #ea404d;
}
.redcircle-link:visited {
    color: #ea404d;
}
</style>
<p style=""margin-top:3px;margin-left:11px;font-family: sans-serif;font-size: 10px; color: gray;"">Powered by <a class=""redcircle-link"" href=""https://redcircle.com?utm_source=rc_embedded_player&utm_medium=web&utm_campaign=embedded_v1"">RedCircle</a></p>"
3 Reasons Why People Don't Buy,"Published on Tue, 27 Oct 2020 08:00:00 +0000",/shows/edb1ac3c-440b-4633-ace3-4abc3b29eb9e/ep/93d5cfa6-2aea-4716-81d3-c0eb092958a4,"<script async defer onload=""redcircleIframe();"" src=""https://api.podcache.net/embedded-player/sh/93d5cfa6-2aea-4716-81d3-c0eb092958a4""></script>
<div class=""redcirclePlayer-93d5cfa6-2aea-4716-81d3-c0eb092958a4""></div>
<style>
.redcircle-link:link {
    color: #ea404d;
    text-decoration: none;
}
.redcircle-link:hover {
    color: #ea404d;
}
.redcircle-link:active {
    color: #ea404d;
}
.redcircle-link:visited {
    color: #ea404d;
}
</style>
<p style=""margin-top:3px;margin-left:11px;font-family: sans-serif;font-size: 10px; color: gray;"">Powered by <a class=""redcircle-link"" href=""https://redcircle.com?utm_source=rc_embedded_player&utm_medium=web&utm_campaign=embedded_v1"">RedCircle</a></p>"
Holiday Sales Planning,"Published on Tue, 20 Oct 2020 08:00:00 +0000",/shows/edb1ac3c-440b-4633-ace3-4abc3b29eb9e/ep/804ded04-9718-4367-8f06-d308e331639d,"<script async defer onload=""redcircleIframe();"" src=""https://api.podcache.net/embedded-player/sh/804ded04-9718-4367-8f06-d308e331639d""></script>
<div class=""redcirclePlayer-804ded04-9718-4367-8f06-d308e331639d""></div>
<style>
.redcircle-link:link {
    color: #ea404d;
    text-decoration: none;
}
.redcircle-link:hover {
    color: #ea404d;
}
.redcircle-link:active {
    color: #ea404d;
}
.redcircle-link:visited {
    color: #ea404d;
}
</style>
<p style=""margin-top:3px;margin-left:11px;font-family: sans-serif;font-size: 10px; color: gray;"">Powered by <a class=""redcircle-link"" href=""https://redcircle.com?utm_source=rc_embedded_player&utm_medium=web&utm_campaign=embedded_v1"">RedCircle</a></p>"
The Foundation For All Great Authentic Sales,"Published on Tue, 13 Oct 2020 08:00:00 +0000",/shows/edb1ac3c-440b-4633-ace3-4abc3b29eb9e/ep/497c1f74-b8c6-4f27-a88a-a594d91827b7,"<script async defer onload=""redcircleIframe();"" src=""https://api.podcache.net/embedded-player/sh/497c1f74-b8c6-4f27-a88a-a594d91827b7""></script>
<div class=""redcirclePlayer-497c1f74-b8c6-4f27-a88a-a594d91827b7""></div>
<style>
.redcircle-link:link {
    color: #ea404d;
    text-decoration: none;
}
.redcircle-link:hover {
    color: #ea404d;
}
.redcircle-link:active {
    color: #ea404d;
}
.redcircle-link:visited {
    color: #ea404d;
}
</style>
<p style=""margin-top:3px;margin-left:11px;font-family: sans-serif;font-size: 10px; color: gray;"">Powered by <a class=""redcircle-link"" href=""https://redcircle.com?utm_source=rc_embedded_player&utm_medium=web&utm_campaign=embedded_v1"">RedCircle</a></p>"
A Simple Way To Sell That Captivates Attention,"Published on Tue, 06 Oct 2020 08:00:00 +0000",/shows/edb1ac3c-440b-4633-ace3-4abc3b29eb9e/ep/91b1ff62-b927-4753-a94f-c06b54ee69c1,"<script async defer onload=""redcircleIframe();"" src=""https://api.podcache.net/embedded-player/sh/91b1ff62-b927-4753-a94f-c06b54ee69c1""></script>
<div class=""redcirclePlayer-91b1ff62-b927-4753-a94f-c06b54ee69c1""></div>
<style>
.redcircle-link:link {
    color: #ea404d;
    text-decoration: none;
}
.redcircle-link:hover {
    color: #ea404d;
}
.redcircle-link:active {
    color: #ea404d;
}
.redcircle-link:visited {
    color: #ea404d;
}
</style>
<p style=""margin-top:3px;margin-left:11px;font-family: sans-serif;font-size: 10px; color: gray;"">Powered by <a class=""redcircle-link"" href=""https://redcircle.com?utm_source=rc_embedded_player&utm_medium=web&utm_campaign=embedded_v1"">RedCircle</a></p>"
